Manufacturer ID,Part_ID,Part_type,Stat_ZH,Stat_EN,Stat_RU,Stat_DE,Description_ZH,Description_EN,Description_RU,Description_DE
261,1,Rarity,Common,Common,Обычные,Gewöhnlich,,,,
261,2,Rarity,Uncommon,Uncommon,Необычные,Ungewöhnlich,,,,
261,3,Rarity,Rare,Rare,Редкие,Selten,,,,
261,4,Rarity,Epic,Epic,Эпические,Episch,,,,
261,5,Rarity,Legendary,Legendary,Легендарные,Legendär,闪亮战妆,Shiny War Paint,БЛЕСТЯЩИЙ БОЕВОЙ ПИГМЕНТ,
261,6,Legendary Perk,,,,,,,,
261,7,Model,,,,,,,,
261,8,Legendary Perk,,,,,,,,
261,9,Rarity,Legendary,Legendary,Легендарные,Legendär,,,,
265,1,Rarity,Common,Common,Обычные,Gewöhnlich,,,,
265,2,Rarity,Uncommon,Uncommon,Необычные,Ungewöhnlich,,,,
265,3,Rarity,Rare,Rare,Редкие,Selten,,,,
265,4,Rarity,Epic,Epic,Эпические,Episch,,,,
265,5,Rarity,Legendary,Legendary,Легендарные,Legendär,除颤仪,Defibrillator,ДЕФИБРИЛЛЯТОР,
265,6,Legendary Perk,,,,,,,,
265,7,Model,,,,,,,,
265,8,Legendary Perk,,,,,,,,
265,9,Rarity,Legendary,Legendary,Легендарные,Legendär,鲜血,Vitae,VITAE,
266,1,Rarity,Common,Common,Обычные,Gewöhnlich,,,,
266,2,Rarity,Uncommon,Uncommon,Необычные,Ungewöhnlich,,,,
266,3,Rarity,Rare,Rare,Редкие,Selten,,,,
266,4,Rarity,Epic,Epic,Эпические,Episch,,,,
266,5,Rarity,Legendary,Legendary,Легендарные,Legendär,血液分析仪,Blood Analyzer,АНАЛИЗАТОР КРОВИ,
266,6,Legendary Perk,,,,,,,,
266,7,Model,,,,,,,,
266,8,Rarity,Legendary,Legendary,Легендарные,Legendär,盖革类固醇,Geiger-Roid,ГЕЙГЕР-РОЙ,
269,1,Rarity,Common,Common,Обычные,Gewöhnlich,,,,
269,2,Rarity,Uncommon,Uncommon,Необычные,Ungewöhnlich,,,,
269,3,Rarity,Rare,Rare,Редкие,Selten,,,,
269,4,Rarity,Epic,Epic,Эпические,Episch,,,,
269,5,Rarity,Legendary,Legendary,Легендарные,Legendär,肾上腺素泵,Adrenaline Pump,ПРИЛИВ АДРЕНАЛИНА,
269,6,Legendary Perk,,,,,,,,
269,7,Model,,,,,,,,
269,8,Legendary Perk,,,,,,,,
269,9,Rarity,Legendary,Legendary,Легендарные,Legendär,氧化,Oxidation,ОКИСЛИТЕЛЬ,
274,1,Legendary Perk,,,,,,,,
274,2,Model,,,,,,,,
274,3,Rarity,Common,Common,Обычные,Gewöhnlich,,,,
274,4,Rarity,Uncommon,Uncommon,Необычные,Ungewöhnlich,,,,
274,5,Rarity,Rare,Rare,Редкие,Selten,,,,
274,6,Rarity,Epic,Epic,Эпические,Episch,,,,
274,7,Rarity,Legendary,Legendary,Легендарные,Legendär,义体AF1000,Augmenter AF1000,УСИЛИТЕЛЬ ОХ1000,
274,8,Legendary Perk,,,,,,,,
274,9,Rarity,Legendary,Legendary,Легендарные,Legendär,拥抱者,Hugger,Обнимашка,
277,1,Legendary Perk,,,,,,,,
277,2,Model,,,,,,,,
277,3,Rarity,Common,Common,Обычные,Gewöhnlich,,,,
277,4,Rarity,Uncommon,Uncommon,Необычные,Ungewöhnlich,,,,
277,5,Rarity,Rare,Rare,Редкие,Selten,,,,
277,6,Rarity,Epic,Epic,Эпические,Episch,,,,
277,7,Rarity,Legendary,Legendary,Легендарные,Legendär,起搏器,Pacemaker,КАРДИОСТИМУЛЯТОР,
277,8,Legendary Perk,,,,,,,,
277,9,Rarity,Legendary,Legendary,Легендарные,Legendär,生命值提升器,Healthraiser,ОЗДОРОВИТЕЛЬ,
285,1,Legendary Perk,,,,,,,,
285,2,Model,,,,,,,,
285,3,Rarity,Common,Common,Обычные,Gewöhnlich,,,,
285,4,Rarity,Uncommon,Uncommon,Необычные,Ungewöhnlich,,,,
285,5,Rarity,Rare,Rare,Редкие,Selten,,,,
285,6,Rarity,Epic,Epic,Эпические,Episch,,,,
285,7,Rarity,Legendary,Legendary,Легендарные,Legendär,三重旁通,Triple Bypass,ТРОЙНОЙ ШУНТ,
285,8,Legendary Perk,,,,,,,,
285,9,Rarity,Legendary,Legendary,Легендарные,Legendär,血月,Blood Moon,КРОВАВЫЙ МЕСЯЦ,
290,1,Legendary Perk,,,,,,,,
290,2,Model,,,,,,,,
290,3,Rarity,Common,Common,Обычные,Gewöhnlich,,,,
290,4,Rarity,Uncommon,Uncommon,Необычные,Ungewöhnlich,,,,
290,5,Rarity,Rare,Rare,Редкие,Selten,,,,
290,6,Rarity,Epic,Epic,Эпические,Episch,,,,
290,7,Rarity,Legendary,Legendary,Легендарные,Legendär,杀戮之春,Kill Spring,РОСТОК СМЕРТИ,
290,8,Legendary Perk,,,,,,,,
290,9,Rarity,Legendary,Legendary,Легендарные,Legendär,,,,
