Elemental_ID,Part_ID,Stat,Stat_ZH,Stat_RU,Stat_DE
1,5,switch between Shock and Radiation Elements,元素切换-电击&辐射,Смена стихии: Шок/Радиация,Elementwechsel: Schock/Strahlung
1,6,switch between Shock and Incendiary Elements,元素切换-电击&燃烧,Смена стихии: Шок/Огонь,Elementwechsel: Schock/Brand
1,7,switch between Shock and Cryo Elements,元素切换-电击&冰冻,Смена стихии: Шок/Холод,Elementwechsel: Schock/Kryo
1,8,switch between Shock and Corrosive Elements,元素切换-电击&腐蚀,Смена стихии: Шок/Коррозия,Elementwechsel: Schock/Korrosion
1,9,switch between Radiation and Shock Elements,元素切换-辐射&电击,Смена стихии: Радиация/Шок,Elementwechsel: Strahlung/Schock
1,10,Corrosive,腐蚀,Коррозия,Korrosion
1,11,Cryo,冰冻,Холод,Kryo
1,12,Fire,燃烧,Огонь,Brand
1,13,Radiation,辐射,Радиация,Strahlung
1,14,Shock,电击,Шок,Schock
1,15,switch between Radiation and Incendiary Elements,元素切换-辐射&燃烧,Смена стихии: Радиация/Огонь,Elementwechsel: Strahlung/Brand
1,16,switch between Radiation and Cryo Elements,元素切换-辐射&冰冻,Смена стихии: Радиация/Холод,Elementwechsel: Strahlung/Kryo
1,17,switch between Radiation and CorrosiveElements,元素切换-辐射&腐蚀,Смена стихии: Радиация/Коррозия,Elementwechsel: Strahlung/Korrosion
1,18,switch between Incendiary and Radiation Elements,元素切换-燃烧&辐射,Смена стихии: Огонь/Радиация,Elementwechsel: Brand/Strahlung
1,19,switch between Incendiary and Cryo Elements,元素切换-燃烧&冰冻,Смена стихии: Огонь/Холод,Elementwechsel: Brand/Kryo
1,20,switch between Incendiary and CorrosiveElements,元素切换-燃烧&腐蚀,Смена стихии: Огонь/Коррозия,Elementwechsel: Brand/Korrosion
1,21,switch betweenCryo and Shock Elements,元素切换-冰冻&电击,Смена стихии: Холод/Шок,Elementwechsel: Kryo/Schock
1,22,switch between Cryo and RadiationElements,元素切换-冰冻&辐射,Смена стихии: Холод/Радиация,Elementwechsel: Kryo/Strahlung
1,23,switch between Cryo and Incendiary Elements,元素切换-冰冻&燃烧,Смена стихии: Холод/Огонь,Elementwechsel: Kryo/Brand
1,24,switch between Cryo and Corrosive Elements,元素切换-冰冻&腐蚀,Смена стихии: Холод/Коррозия,Elementwechsel: Kryo/Korrosion
1,25,switch between Corrosive and Shock Elements,元素切换-腐蚀&电击,Смена стихии: Коррозия/Шок,Elementwechsel: Korrosion/Schock
1,26,switch between Corrosive and Radiation Elements,元素切换-腐蚀&辐射,Смена стихии: Коррозия/Радиация,Elementwechsel: Korrosion/Strahlung
1,27,switch between Corrosive and Incendiary Elements,元素切换-腐蚀&燃烧,Смена стихии: Коррозия/Огонь,Elementwechsel: Korrosion/Brand
1,28,switch between Corrosive and Cryo Elements,元素切换-腐蚀&冰冻,Смена стихии: Коррозия/Холод,Elementwechsel: Korrosion/Kryo
1,29,Maliwan Underbarrel-switch between Shock and Radiation Elements,元素切换下挂-电击&辐射,"Подствольник ""Маливан"", смена стихии: Шок/Радиация","Maliwan-Unterlauf, Elementwechsel: Schock/Strahlung"
1,30,Maliwan Underbarrel-switch between Incendiary and Radiation Elements,元素切换下挂-燃烧&辐射,"Подствольник ""Маливан"", смена стихии: Огонь/Радиация","Maliwan-Unterlauf, Elementwechsel: Brand/Strahlung"
1,31,Maliwan Underbarrel-switch between Cryo and Radiation Elements,元素切换下挂-冰冻&辐射,"Подствольник ""Маливан"", смена стихии: Холод/Радиация","Maliwan-Unterlauf, Elementwechsel: Kryo/Strahlung"
1,32,Maliwan Underbarrel-switch between Corrosive and Radiation Elements,元素切换下挂-腐蚀&辐射,"Подствольник ""Маливан"", смена стихии: Коррозия/Радиация","Maliwan-Unterlauf, Elementwechsel: Korrosion/Strahlung"
1,33,Maliwan Underbarrel-switch between Radiation and Corrosive Elements,元素切换下挂-辐射&腐蚀,"Подствольник ""Маливан"", смена стихии: Радиация/Коррозия","Maliwan-Unterlauf, Elementwechsel: Strahlung/Korrosion"
1,34,Maliwan Underbarrel-switch between Shock and Corrosive Elements,元素切换下挂-电击&腐蚀,"Подствольник ""Маливан"", смена стихии: Шок/Коррозия","Maliwan-Unterlauf, Elementwechsel: Schock/Korrosion"
1,35,Maliwan Underbarrel-switch between Incendiary and Corrosive Elements,元素切换下挂-燃烧&腐蚀,"Подствольник ""Маливан"", смена стихии: Огонь/Коррозия","Maliwan-Unterlauf, Elementwechsel: Brand/Korrosion"
1,36,Maliwan Underbarrel-switch between Cryo and Corrosive Elements,元素切换下挂-冰冻&腐蚀,"Подствольник ""Маливан"", смена стихии: Холод/Коррозия","Maliwan-Unterlauf, Elementwechsel: Kryo/Korrosion"
1,37,Maliwan Underbarrel-switch between Radiation and Cryo Elements,元素切换下挂-辐射&冰冻,"Подствольник ""Маливан"", смена стихии: Радиация/Холод","Maliwan-Unterlauf, Elementwechsel: Strahlung/Kryo"
1,38,Maliwan Underbarrel-switch between Shock and Cryo Elements,元素切换下挂-电击&冰冻,"Подствольник ""Маливан"", смена стихии: Шок/Холод","Maliwan-Unterlauf, Elementwechsel: Schock/Kryo"
1,39,Maliwan Underbarrel-switch between Incendiary and Cryo Elements,元素切换下挂-燃烧&冰冻,"Подствольник ""Маливан"", смена стихии: Огонь/Холод","Maliwan-Unterlauf, Elementwechsel: Brand/Kryo"
1,40,Maliwan Underbarrel-switch between Corrosive and Cryo Elements,元素切换下挂-腐蚀&冰冻,"Подствольник ""Маливан"", смена стихии: Коррозия/Холод","Maliwan-Unterlauf, Elementwechsel: Korrosion/Kryo"
1,41,Maliwan Underbarrel-switch between Radiation and Incendiary Elements,元素切换下挂-辐射&燃烧,"Подствольник ""Маливан"", смена стихии: Радиация/Огонь","Maliwan-Unterlauf, Elementwechsel: Strahlung/Brand"
1,42,Maliwan Underbarrel-switch between Cryo and Incendiary Elements,元素切换下挂-冰冻&燃烧,"Подствольник ""Маливан"", смена стихии: Холод/Огонь","Maliwan-Unterlauf, Elementwechsel: Kryo/Brand"
1,43,Maliwan Underbarrel-switch between Shock and Incendiary Elements,元素切换下挂-电击&燃烧,"Подствольник ""Маливан"", смена стихии: Шок/Огонь","Maliwan-Unterlauf, Elementwechsel: Schock/Brand"
1,44,Maliwan Underbarrel-switch between Corrosive and Incendiary Elements,元素切换下挂-腐蚀&燃烧,"Подствольник ""Маливан"", смена стихии: Коррозия/Огонь","Maliwan-Unterlauf, Elementwechsel: Korrosion/Brand"
1,45,Maliwan Underbarrel-switch between Radiation and Shock Elements,元素切换下挂-辐射&电击,"Подствольник ""Маливан"", смена стихии: Радиация/Шок","Maliwan-Unterlauf, Elementwechsel: Strahlung/Schock"
1,46,Maliwan Underbarrel-switch between Cryo and Shock Elements,元素切换下挂-冰冻&电击,"Подствольник ""Маливан"", смена стихии: Холод/Шок","Maliwan-Unterlauf, Elementwechsel: Kryo/Schock"
1,47,Maliwan Underbarrel-switch between Corrosive and Shock Elements,元素切换下挂-腐蚀&电击,"Подствольник ""Маливан"", смена стихии: Коррозия/Шок","Maliwan-Unterlauf, Elementwechsel: Korrosion/Schock"
1,48,switch between Incendiary and Shock Elements,元素切换-燃烧&电击,Смена стихии: Огонь/Шок,Elementwechsel: Brand/Schock
1,49,Maliwan Underbarrel-switch between Incendiary and Shock Elements,元素切换下挂-燃烧&电击,"Подствольник ""Маливан"", смена стихии: Огонь/Шок","Maliwan-Unterlauf, Elementwechsel: Brand/Schock"
1,51,"Pearl Stat:Damage ×1.225, Spread ×1.075, Reload Time ×1.06, Fire Rate ×0.943","珠光属性:伤害 ×1.225, 散布 ×1.075, 装填时间 ×1.06, 射速 ×0.943","Перламутровые параметры: Урон ×1,225, Разброс ×1,075, Время перезарядки ×1,06, Скорострельность ×0,943","Perlmutt-Werte: Schaden ×1,225, Streuung ×1,075, Nachladezeit ×1,06, Feuerrate ×0,943"
1,52,"Pearl Stat:Damage ×0.925, Reload Time ×0.82, Fire Rate ×0.943, Magazine ×0.85","珠光属性:伤害 ×0.925, 装填时间 ×0.82, 射速 ×0.943, 弹容 ×0.85","Перламутровые параметры: Урон ×0,925, Время перезарядки ×0,82, Скорострельность ×0,943, Магазин ×0,85","Perlmutt-Werte: Schaden ×0,925, Nachladezeit ×0,82, Feuerrate ×0,943, Magazin ×0,85"
1,53,"Pearl Stat:Damage ×0.925, Spread ×1.075, Reload Time ×1.06, Fire Rate ×1.173","珠光属性:伤害 ×0.925, 散布 ×1.075, 装填时间 ×1.06, 射速 ×1.173","Перламутровые параметры: Урон ×0,925, Разброс ×1,075, Время перезарядки ×1,06, Скорострельность ×1,173","Perlmutt-Werte: Schaden ×0,925, Streuung ×1,075, Nachladezeit ×1,06, Feuerrate ×1,173"
1,54,"Pearl Stat:Damage ×0.925, Spread ×0.775, Reload Time ×1.06, Fire Rate ×0.943","珠光属性:伤害 ×0.925, 散布 ×0.775, 装填时间 ×1.06, 射速 ×0.943","Перламутровые параметры: Урон ×0,925, Разброс ×0,775, Время перезарядки ×1,06, Скорострельность ×0,943","Perlmutt-Werte: Schaden ×0,925, Streuung ×0,775, Nachladezeit ×1,06, Feuerrate ×0,943"
1,55,Pearl Elements:Kinetic Override,珠光元素:动能覆盖,Перламутровая стихия: Кинетический,Perlmutt-Element: Kinetik
1,56,Pearl Elements:Shock Override,珠光元素:电击覆盖,Перламутровая стихия: Шок,Perlmutt-Element: Schock
1,57,Pearl Elements:Radiation Override,珠光元素:辐射覆盖,Перламутровая стихия: Радиация,Perlmutt-Element: Strahlung
1,58,Pearl Elements:Corrosive Override,珠光元素:腐蚀覆盖,Перламутровая стихия: Коррозия,Perlmutt-Element: Korrosion
1,59,Pearl Elements:Cryo Override,珠光元素:冰冻覆盖,Перламутровая стихия: Холод,Perlmutt-Element: Kryo
1,60,Pearl Elements:Incendiary Override,珠光元素:燃烧覆盖,Перламутровая стихия: Огонь,Perlmutt-Element: Brand
1,62,Radiation (Divided Glow),辐射（分裂光芒）,Радиация (РАЗДЕЛЕННЫЙ СПОЛОХ),Strahlung (Divided Glow)
