Skin_ID,Stat,Stat_EN,Stat_RU,Stat_DE
1,黄金之神光幻,Golden God Phosphen,ФОСФЕНОВЫЙ ЗОЛОТОЙ БОГ,
2,血腥大师光幻,Goremaster Phosphen,ФОСФЕНОВЫЙ КРОВАВЫЙ ВЛАДЫКА,
3,地狱火光幻,Hellfire Phosphen,ФОСФЕНОВЫЙ АДСКИЙ ОГОНЬ,
4,死马王子光幻,Prince Harming Phosphen,ФОСФЕНОВЫЙ УЖАСНЫЙ ПРИНЦ,
5,偏离光幻,Stray Phosphen,ФОСФЕНОВЫЙ РАЗБРОС,
6,闪人光幻,Vamoose Phosphen,ФОСФЕНОВЫЙ РЕТИРАД,
7,血腥伐木工光幻,Bloody Lumberjack Phosphen,ФОСФЕНОВЫЙ КРОВАВЫЙ ЛЕСОРУБ,
8,正在行动光幻,Oscar Mike Phosphen,ФОСФЕНОВЫЙ ОСКАР МАЙК,
9,恒星螺旋光幻,Star Helix Phosphen,ФОСФЕНОВЫЙ ЗВЕЗДНЫЙ ДИСК,
10,测距仪光幻,Rangefinder Phosphen,ФОСФЕНОВЫЙ ДАЛЬНОМЕР,
11,拉链光幻,Zipper Phosphen,ФОСФЕНОВЫЙ ВЖИК-ВЖИК,
12,生化光幻,Bod Phosphen,ФОСФЕНОВЫЙ КОРПУС,
13,艾西·梅光幻,Acey May Phosphen,ФОСФЕНОВЫЙ ЭЙСИ МЭЙ,
14,暗兽光幻,Darkbeast Phosphen,ФОСФЕНОВЫЙ ТЕМНЫЙ ЗВЕРЬ,
15,午夜之反抗光幻,Midnight Defiance Phosphen,ФОСФЕНОВЫЙ ПОЛУНОЧНЫЙ БУНТ,
16,Loarmaster光幻,Loarmaster Phosphen,,
17,疯小子卢迪光幻,Luty Madlad Phosphen,ФОСФЕНОВЫЙ LUTY MADLAD,
18,雌雄大盗光幻,Bonnie and Clyde Phosphen,"ФОСФЕНОВЫЙ ""БОННИ И КЛАЙД""",
19,罗恩的冲锋光幻,Rowan's Charge Phosphen,ФОСФЕНОВЫЙ БРОСОК РОВАНА,
20,汇聚光幻,Convergence Phosphen,ФОСФЕНОВЫЙ СХОД,
21,国王的策略光幻,King's Gambit Phosphen,ФОСФЕНОВЫЙ КОРОЛЕВСКИЙ ГАМБИТ,
22,幻影火焰光幻,Phantom Flame Phosphen,ФОСФЕНОВЫЙ ПРИЗРАЧНЫЙ ОГОНЬ,
23,圣萨巴鸣鸟光幻,San Saba Songbird Phosphen,ФОСФЕНОВЫЙ СОЛОВЕЙ САН-САБА,
24,第七感光幻,Seventh Sense Phosphen,ФОСФЕНОВЫЙ ВАНГОВАТЕЛЬ,
25,地狱行者光幻,Hellwalker Phosphen,ФОСФЕНОВЫЙ АДОХОД,
26,彩虹呕吐物光幻,Rainbow Vomit Phosphen,ФОСФЕНОВЫЙ РАДУЖНЫЙ БЛЕВУН,
27,强力重击手光幻,Hot Slugger Phosphen,ФОСФЕНОВЫЙ ГОРЯЧИЙ СЛАГГЕР,
28,尊者波动光幻,T.K's Wave Phosphen,"ФОСФЕНОВЫЙ ""ВОЛНА ТИ-КЕЯ""",Phosphene T.K'S Wave
29,博斯特尔弩炮光幻,Borstel Ballista Phosphen,ФОСФЕНОВЫЙ ОПАСНЫЙ ОКСИБЕЛ,
30,树蛇光幻,Boomslang Phosphen,ФОСФЕНОВЫЙ БУМСЛАНГ,
31,卡车光幻,Truck Phosphen,ФОСФЕНОВЫЙ ТЯГАЧ,
32,万花爆炸光幻,Kaleidosplode Phosphen,ФОСФЕНОВЫЙ КАЛЕЙДОШЛЕП,
33,踢球者光幻,Kickballer Phosphen,ФОСФЕНОВЫЙ ПИНАТЕЛЬ,
34,甜蜜拥抱光幻,Sweet Embrace Phosphen,ФОСФЕНОВЫЙ СЛАДКИЙ ОХВАТ,
35,遗弃之混沌光幻,Forsaken Chaos Phosphen,ФОСФЕНОВЫЙ ЗАБЫТЫЙ ХАОС,
36,我的天呐光幻,Ohm I Got Phosphen,ФОСФЕНОВЫЙ БО Ж МОЙ,
37,等离子线圈光幻,Plasma Coil Phosphen,ФОСФЕНОВЫЙ ПЛАЗМОВЫЙ СВЕРХПРОВОДНИК,
38,亚瑟的崛起光幻,Asher's Rise Phosphen,ФОСФЕНОВЫЙ ПОДЪЕМ АШЕРОВ,
39,复杂根须光幻,Complex Root Phosphen,ФОСФЕНОВЫЙ КОМПЛЕКСНЫЙ КОРЕНЬ,
40,片川的复仇光幻,Katagawa's Revenge Phosphen,ФОСФЕНОВЫЙ РЕВАНШ КАТАГАВЫ,
41,G.M.R.光幻,G.M.R. Phosphen,ФОСФЕНОВЫЙ Г.М.Р.,
42,门将光幻,Goalkeeper Phosphen,ФОСФЕНОВЫЙ ВРАТАРЬ,
43,霸凌光幻,Bully Phosphen,ФОСФЕНОВЫЙ ЗАДИРА,
44,吵闹蟋蟀光幻,Noisy Cricket Phosphen,ФОСФЕНОВЫЙ ШУМНЫЙ СВЕРЧОК,
45,幸运四叶草光幻,Lucky Clover Phosphen,ФОСФЕНОВЫЙ КЛЕВЕР НА УДАЧУ,
46,鱼眼光幻,Fisheye Phosphen,ФОСФЕНОВЫЙ РЫБИЙ ГЛАЗ,
47,对称光幻,Symmetry Phosphen,ФОСФЕНОВЫЙ ФРАКТАЛ,
48,查克光幻,Chuck Phosphen,ФОСФЕНОВЫЙ ШМЯК,
49,焦点分散光幻,Divided Focus Phosphen,ФОСФЕНОВЫЙ РАЗДЕЛЕННЫЙ ФОКУС,
50,预算之神光幻,Budget Deity Phosphen,ФОСФЕНОВЫЙ БОГ БЮДЖЕТА,
51,红宝石的触碰光幻,Ruby's Grasp Phosphen,ФОСФЕНОВЫЙ ХВАТ РУБИ,
52,余兴节目光幻,Sideshow Phosphen,ФОСФЕНОВЫЙ МАНЕВР,
53,无政府主义光幻,Anarchy Phosphen,ФОСФЕНОВЫЙ АНАРХИСТ,
54,哈士奇好友光幻,Husky Friend Phosphen,ФОСФЕНОВЫЙ КРЕПКИЙ ДРУГ,
55,熊熊虫光幻,Bugbear Phosphen,ФОСФЕНОВЫЙ ЖУПЕЛ,
56,冷屁股光幻,Cold Shoulder Phosphen,ФОСФЕНОВЫЙ НОЛЬ ЭМОЦИЙ,
57,土豆投掷者IV光幻,Potato Thrower IV Phosphen,ФОСФЕНОВЫЙ КАРТОФЕЛЕМЕТ IV,
58,女王后宫光幻,Queen's Rest Phosphen,ФОСФЕНОВЫЙ ОТДЫХ КОРОЛЕВЫ,
59,蟑螂光幻,Roach Phosphen,ФОСФЕНОВЫЙ ТАРАКАН,
60,铅气球光幻,Lead Balloon Phosphen,ФОСФЕНОВЫЙ СВИНЦОВЫЙ ШАРИК,
61,钢铁后卫光幻,Linebacker Phosphen,ФОСФЕНОВЫЙ ПОЛУЗАЩИТНИК,
62,伊耿的梦想光幻,Aegon's Dream Phosphen,ФОСФЕНОВЫЙ ЭЙГОНОВ СОН,
63,卢西恩的侧攻光幻,Lucian's Flank Phosphen,ФОСФЕНОВЫЙ ФЛАНГ ЛЮЦИАНА,
64,旺德发光幻,Whiskey Foxtrot Phosphen,ФОСФЕНОВЫЙ ВИСКИ ФОКСТРОТ,
65,超杀连击光幻,Wombo Combo Phosphen,ФОСФЕНОВЫЙ ВОМБО-КОМБО,
66,伯特的蜜蜂光幻,Birt's Bees Phosphen,ФОСФЕНОВЫЙ НЕПРАВИЛЬНЫЙ МЕД,
67,考森光幻,Kaoson Phosphen,ФОСФЕНОВЫЙ КАОСЫН,
68,猛攻光幻,Onslaught Phosphen,ФОСФЕНОВЫЙ ШТУРМ,
69,芬妮迪XXX-L光幻,Finnity XXX-L Phosphen,ФОСФЕНОВЫЙ ПРЕДДДЕЛ XXX-L,
70,权宜之计光幻,Stop Gap Phosphen,ФОСФЕНОВЫЙ КОСТЫЛЬ,
71,扫射大灾变,Ratatataclysm,Тра-та-та-клизм,Ratatataklysmus
72,糖衣炮弹,Sugar Coated,В глазури,Gezuckert
73,火鹰之怒,Firehawk's Fury,Ярость Огненного ястреба,Zorn des Firehawk
74,危险津贴,Hazard Pay,Доплата за риск,Gefahrenzulage
75,崩坏教团,Broken Order,Раскол в Ордене,Gebrochener Orden
76,Gearbox®装扮,Gearbox® Gear,Снаряжение Gearbox®,Gearbox®-Ausrüstung
77,笑面虎,Smiley,Смайли,
78,怪人,Weirdo,Чудик,Spinner
79,永恒捍卫者,Eternal Defender,Вечный защитник,Ewiger Verteidiger
80,溅射伤害,Splash Damage,Урон по площади,Spritzig
81,掠食之鸟,Bird of Prey,Хищная птица,Raubvogel
82,浸泡,Soused,Вдребодан,Betrunken
83,自我切除,Self Excision,Само-разрез,Selbstausschluss
84,高层建筑,Highrise,Высотка,Wolkenkratzer
85,源泉满载,Wellspring-Loaded,Через источник,Glücksgeladen
86,吞噬者,Devourer,Пожиратель,Verschlinger
87,系统,The System,Система,Das System
88,面向未来,Future Proof,Нестареющая,Zukunftssicher
89,永远疯狂,Frenzy Forever,Ярость навсегда,Ewiger Rausch
90,余兴派对,Afterparty,Афтерпати,
91,站住，公民,"Halt, Citizen","Стоять, гражданин",Keine Bewegung!
92,熔毁,Meltdown,Расплав,Schmelze
93,极高冲击,High Impact,Мощный удар,Wirkungsvoll
94,顺纹处理,With the Grain,По шерсти,Wegholzer
95,红色野兽,Bestia Rossa,,
96,像素完美,Pixel Perfect,Пиксель в пиксель,Pixelperfekt
97,指令链,Chain of Command,Вертикаль подчинения,Befehlskette
98,光泽度,Gloss,Глянец,Glanz
99,呜呜呜!,Awoooooo!,У-у-у!,Wolfsgeheul
100,满洒,Sprinked,Посыпка,Segen
101,狱友,Prison Buddy,Друг из тюрьмы,Zellenkumpel
102,永远不说DIY,Never Say DIY,"Никогда не говори ""Сделай сам""",Heimwerker
103,游戏机器人,Game Bot,Игробот,Spielroboter
104,可爱小猫委员会,Itty Bitty Kitty Committee,Хороши у нас котята,Klitzekleines Komitee
105,载具射击游戏,Carcade Shooter,Каркадский стрелок,Carcade-Ballerspiel
106,弗兰冻酸奶,Fran's Frogurt,Фрогурты Фрэн,Frans Frogurt
107,如此绘制,Drawn This Way,Так нарисовали,Kritzelei
108,海岸循环,Coast to Coast,От берега до берега,Küste zu Küste
109,枪就是熔岩,The Gun is Lava,Пушка - это лава,Die Waffe ist Lava
110,太阳耀斑,Solar Flair,Протуберанец,Sonneneruption
111,Blueskin（内部/调试）,Blueskin (Internal/Debug),,
112,Test（内部/调试）,Test (Internal/Debug),,
cosmetics_weapon_mat40_halloween,魅术,Hex Appeal,Вырви сглаз,Hex-Appeal
cosmetics_weapon_mat41_starrynight,静之战，圣之战,"Silent Fight, Holy Fight",С маленькой пушечкой весело зимой,"Stille Nacht, Waffenschlacht"
cosmetics_weapon_mat42_uglyxmassweater,礼轻情意重,It's The Thought That Counts,"Важен не подарок, а забота",Der Gedanke zählt
cosmetics_weapon_mat43_snowfall,宝贝你太高冷了,Baby You're Cold Inside,"Детка, ты просто лед","Baby, du bist eiskalt"
cosmetics_weapon_mat44_giftwrap,这可不是普通的袋子,So Much More Than A Bag,Не просто упаковка,So viel mehr als nur ein Beutel
cosmetics_weapon_mat45_gingerbread,吃掉我,Eat Me,Съешь меня,Iss mich
cosmetics_weapon_mat46_mechyeah,恭喜啦！,Congratulations!,Поздравляем!,Glückwunsch!
cosmetics_weapon_mat47_assault,装备？！,...Gear?!,Снаряжение?!,... Ausrüstung?!
cosmetics_weapon_mat48_boltron,电压猎人,Volt Hunter,Искатель разрядов,Volt-Jäger
cosmetics_weapon_mat49_furboy,猛兽模式,Beast Mode,Режим зверя,Bestienmodus
cosmetics_weapon_mat50_spicyiguana,怪物杀手,Kaiju Killa,Кайдзю-убивец,Kaiju-Killa
cosmetics_weapon_mat51_gore,喂食之手,Hand that Feeds,Рука кормящая,Fütternde Hand
cosmetics_weapon_mat52_ghostly,不满,Discontent,Недовольство,Unzufrieden
cosmetics_weapon_mat53_occult,随意开火,Shoot What Thou Wilt,Твори свой замес,Schieß wie es beliebt
cosmetics_weapon_mat54_shipwreck,虚假神明,Stock and Stone,Приклад камень точит,Schaft und Kraft
cosmetics_weapon_mat55_trappedexperiment,极乐销魂,Rapturous,Восторженный,Tiefenrausch
cosmetics_weapon_mat56_deepocean,波形,Waveform,Форма сигнала,Wellenform
cosmetics_weapon_mat57_unstablereactor,火星法则,Martian Law,Марс-бросок,Marsianisches Gesetz
cosmetics_weapon_mat58_kairosvice,点波交错,Dot Wav,Аудиофайл,.WAV
cosmetics_weapon_mat59_rollerrink,溜冰场,Roller Rink,Роллердром,Roll-Bahn
cosmetics_weapon_mat60_nightcall,夜间电话,Night Call,Ночной звонок,Nachtruf
cosmetics_weapon_mat61_arcvector,日落矢量,Sunset Vector,Закатный вектор,Sonnenuntergangsvektor
cosmetics_weapon_mat62_tracerbullet,追踪子弹,Tracer Bullet,Трассирующая пуля,Tracer-Kugel
cosmetics_weapon_shiny_arctic,正反切光幻,ARC-TAN Phosphen,ФОСФЕНОВЫЙ АРК-ТАНГ,
cosmetics_weapon_shiny_bubbles,泡泡光幻,Bubbles Phosphen,ФОСФЕНОВЫЙ БАББЛС,
cosmetics_weapon_shiny_demo,一触即发光幻,Hair-Trigger Phosphen ,ФОСФЕНОВЫЙ ЧУВСТВИТЕЛЬНЫЙ,
cosmetics_weapon_shiny_doeshot,一命呼呼光幻,Doeshot Phosphen,ФОСФЕНОВЫЙ ЛОСЕСТРЕЛ,
cosmetics_weapon_shiny_fleabag,跳蚤袋光幻,Fleabag Phosphen,ФОСФЕНОВЫЙ БЛОХАСТИК,
cosmetics_weapon_shiny_laserdisc,激光飞盘光幻,Laser Disker Phosphen,ФОСФЕНОВЫЙ ЛАЗЕРНЫЙ ДИСКОМЕТ,
cosmetics_weapon_shiny_mercredi,星期三光幻,Mercredi Phosphen,ФОСФЕНОВЫЙ MERCREDI,
cosmetics_weapon_shiny_mercury,水银好奇者光幻,Mercurious Phosphen,ФОСФЕНОВЫЙ МЕРКУРЬЕЗ,
cosmetics_weapon_shiny_roulette,轮盘赌光幻,Roulette Phosphen,ФОСФЕНОВЫЙ РОЗЫГРЫШ,
cosmetics_weapon_shiny_shalashaska,沙拉沙斯卡光幻,Shalashaska Phosphen,ФОСФЕНОВЫЙ ШАЛАШАСКА,
cosmetics_weapon_shiny_songbird,折翼光幻,Broken Wings Phosphen,ФОСФЕНОВЫЙ ЛИШЕННЫЙ КРЫЛЬЕВ,
cosmetics_weapon_shiny_tankbuster,反坦克炮光幻,Tankbuster Phosphen,ФОСФЕНОВЫЙ ИСТРЕБИТЕЛЬ ТАНКОВ,
cosmetics_weapon_shiny_jailbroken,越狱加特林光幻,Jail-Broken Gatling Phosphen,ФОСФЕНОВЫЙ ГАТЛИНГ-БЕГЛЕЦ,Jailbroken Gatling Phosphen
cosmetics_weapon_shiny_lockjaw,锁喉光幻,Lockjaw Phosphen,ФОСФЕНОВЫЙ ТРИЗМ,
cosmetics_weapon_shiny_locust,寄生体光幻,Parasite Phosphen,ФОСФЕНОВЫЙ ПАРАЗИТ,
cosmetics_weapon_shiny_shammy,诈爆轰轰光幻,Shammy Kablammy Phosphen,ФОСФЕНОВЫЙ ШЭММИ КАБЛЭММИ,
cosmetics_weapon_shiny_breadth,承力点光幻,Hardpoint Phosphen,ФОСФЕНОВЫЙ ТАРАН,
cosmetics_weapon_shiny_brickhouse,砖屋光幻,Brickhouse Phosphen,ФОСФЕНОВЫЙ БРИКХАУС,
cosmetics_weapon_shiny_cannonbrawl,天鹅之歌光幻,Swan Song Phosphen,ФОСФЕНОВЫЙ ПРОЩАЛЬНЫЙ АККОРД,
cosmetics_weapon_shiny_cormano,科尔马诺光幻,Cormano Phosphen,ФОСФЕНОВЫЙ КОРМАНО,
cosmetics_weapon_shiny_crazedearl,疯狂厄尔光幻,Crazed Earl Phosphen,ФОСФЕНОВЫЙ БЕЗУМНЫЙ ЭРЛ,
cosmetics_weapon_shiny_discybusiness,盘子生意光幻,Discy Business Phosphen,ФОСФЕНОВЫЙ ДИСКОВАННЫЙ МОМЕНТ,
cosmetics_weapon_shiny_falke,猎鹰光幻,Falke Phosphen,ФОСФЕНОВЫЙ ФАЛЬК,
cosmetics_weapon_shiny_fearstalker,恐惧追猎者光幻,Fearstalker Phosphen,ФОСФЕНОВЫЙ ОХОТНИК ЗА СТРАХОМ,
cosmetics_weapon_shiny_fishward,鱼群光幻,Fishward Phosphen,ФОСФЕНОВЫЙ РЫБОСТРЕЛ,
cosmetics_weapon_shiny_flashcyclone,闪电旋风光幻,Flash Cyclone Phosphen,ФОСФЕНОВЫЙ МГНОВЕННЫЙ ЦИКЛОН,
cosmetics_weapon_shiny_follower,徘徊者光幻,Prowler Phosphen,ФОСФЕНОВЫЙ МАРОДЕР,
cosmetics_weapon_shiny_harddark,黑暗能量光幻,Hard Dark Phosphen,ФОСФЕНОВЫЙ ТЯЖЕЛЫЙ МРАК,
cosmetics_weapon_shiny_hemorrhage,出血光幻,Hemorrhage Phosphen,ФОСФЕНОВЫЙ ИНФАРКТ,
cosmetics_weapon_shiny_inscriber,记录器光幻,Inscriber Phosphen,ФОСФЕНОВЫЙ ШИФРАТОР,
cosmetics_weapon_shiny_ishmael,以实玛利光幻,Ishmael Phosphen,ФОСФЕНОВЫЙ ИШМАЭЛЬ,
cosmetics_weapon_shiny_lasercutter,激光切割器光幻,Laser-Cutter Phosphen,ФОСФЕНОВЫЙ ЛАЗЕРНЫЙ РЕЗАК,
cosmetics_weapon_shiny_lightgun,轻型枪械光幻,Light Gun Phosphen,ФОСФЕНОВЫЙ СВЕТОВОД,
cosmetics_weapon_shiny_manifest,马歇尔之爪光幻,Marshall's Claw Phosphen,ФОСФЕНОВЫЙ КОГОТЬ МАРШАЛА,
cosmetics_weapon_shiny_mantra,真言光幻,Mantra Phosphen,ФОСФЕНОВЫЙ РЕФРЕН,
cosmetics_weapon_shiny_misslaser,导弹激光光幻,Missilaser Phosphen,ФОСФЕНОВЫЙ ЛАЗЕРОСТРЕЛ,
cosmetics_weapon_shiny_murder,轻柔低语光幻,Murmur Phosphen,ФОСФЕНОВЫЙ ШЕПОТ,
cosmetics_weapon_shiny_rainmaker,造雨师光幻,Rainmaker Phosphen,ФОСФЕНОВЫЙ ШАМАН,
cosmetics_weapon_shiny_reminisce,追忆光幻,Reminisce Phosphen,ФОСФЕНОВЫЙ ОМУТ ВОСПОМИНАНИЙ,
cosmetics_weapon_shiny_rhythm,韵律光幻,Rhythm Phosphen,ФОСФЕНОВЫЙ РИТМ,
cosmetics_weapon_shiny_roil,激怒光幻,Roil Phosphen,ФОСФЕНОВЫЙ ОСАДОК,
cosmetics_weapon_shiny_rowdy,暴走骑士光幻,Rowdy Rider Phosphen,ФОСФЕНОВЫЙ ДЕРЗКИЙ ВСАДНИК,
cosmetics_weapon_shiny_scootshoot,疾行射击光幻,Scoot'n'Shoot Phosphen,ФОСФЕНОВЫЙ СТРЕЛ-ПОСТРЕЛ,
cosmetics_weapon_shiny_seamstress,浪子光幻,Rooker Phosphen,ФОСФЕНОВЫЙ РУКЕР,
cosmetics_weapon_shiny_shoals,浅滩光幻,Shoals Phosphen,ФОСФЕНОВЫЙ КОСЯК РЫБ,
cosmetics_weapon_shiny_soulsurvivor,灵魂幸存者光幻,Soul Survivor Phosphen,ФОСФЕНОВЫЙ Духовно выживший,
cosmetics_weapon_shiny_sunspot,太阳黑子光幻,Sunspot Phosphen,ФОСФЕНОВЫЙ СОЛНЕЧНЫЙ ЗАЙЧИК,
cosmetics_weapon_shiny_unstable,不稳核心光幻,Unstable Kor Phosphen,ФОСФЕНОВЫЙ НЕСТАБИЛЬНЫЙ КОР,
cosmetics_weapon_mat63_goldenhoneycomb,妖兽,Hexy Beast,Гексозверь,
cosmetics_weapon_mat64_fancysometimes,紫罗兰趋势,Violet Tendencies,Роскошная. Иногда.,Manchmal schick
cosmetics_weapon_mat65_acridlandscape,酸雨云,Acid Cloud,Кислотное облако,Säurewolke
cosmetics_weapon_mat66_techrain,赛博雨,Cyber Rain,Кибер-дождь,Cyber-Regen
cosmetics_weapon_mat67_oilcamo,隐秘携带,Concealed Carry,Нефтяной камуфляж,Ölzeug
cosmetics_weapon_mat68_bubbles,夺命藤壶,Barna-Kill,Раку-шок,
cosmetics_weapon_mat69_empirecamo,鱼鳍统御,Fin Dominance,Хозяин глубин,Stromlinien-Dominanz
cosmetics_weapon_mat70_shinymap,鳗鱼,Unagi,Унаги,
cosmetics_weapon_shiny_burrow,棱镜光幻,PRISM Phosphen,ФОСФЕНОВЫЙ ПРИЗМА-ОТРАЖАТЕЛЬ,
cosmetics_weapon_shiny_earlyexcess,过度消耗光幻,Overconsumption Phosphen,ФОСФЕНОВЫЙ ПЕРЕРАСХОД,
cosmetics_weapon_shiny_extinction,根除光幻,Eradication Phosphen,ФОСФЕНОВЫЙ ИСТРЕБИТЕЛЬ,
cosmetics_weapon_shiny_pchonk,帕琼克光幻,Pachonk Phosphen,ФОСФЕНОВЫЙ ТЫДЫК,
cosmetics_weapon_shiny_plumbbob,铅垂线光幻,Plumb Bob Phosphen,ФОСФЕНОВЫЙ ОТВЕС,
cosmetics_weapon_shiny_silversliver,银色碎片光幻,Silver Sliver Phosphen,ФОСФЕНОВЫЙ СЕРЕБРЯНЫЙ СКОЛ,
cosmetics_weapon_shiny_stealth,潜行与追踪光幻,Stealth & Seek Phosphen,ФОСФЕНОВЫЙ ВОДЯЩИЙ,
cosmetics_weapon_shiny_verce,诗篇光幻,Verce Phosphen,ФОСФЕНОВЫЙ ВЕРС,
cosmetics_weapon_mat71_corroded,锈蚀工艺,Rusticulated,Ржавнораздельный,Rostikuliert
cosmetics_weapon_mat72_destroyer,超级武器,Superweapon,Супероружие,Superwaffe
cosmetics_weapon_mat73_odyssey,水道海滩,Beaches of Aquator,Пляжи Акватора,Strände von Aquator
cosmetics_weapon_mat74_blackhole,大撕裂,The Big Rip,Большой разлом,Riesenriss
cosmetics_weapon_mat75_nasa,轨道金辉,Orbital Aurum,Орбитальное золото,Orbitales Aurum
cosmetics_weapon_mat76_managerial,管理经营,Managerial,Менеджер,Managermäßig
cosmetics_weapon_mat77_jungler,丛林勇士,Jungler,Лесник,Dschungellook
cosmetics_weapon_mat78_miaculpa,失踪之罪,MIA Culpa,Вино Ват,
cosmetics_weapon_mat79_chewedup,细细嚼碎,Chewed Up,Друзьяшки,Durchgekaut
cosmetics_weapon_mat80_electified,神选者化,Electi-Fied,Электи-фикация,Electi-fiziert
cosmetics_weapon_mat81_harmonious,和谐融洽,Harmonious,Гармоничность,Harmonisch
cosmetics_weapon_mat82_grasslands,本地风情,Local Flavor,Местный колорит,Lokalkolorit
cosmetics_weapon_mat83_gravitar,商品线,Merch Line,Линия мерча,Fan-Kollektion
cosmetics_weapon_mat84_exosoldier,新喷漆,Fresh Spray,Свежие брызги,Frisches Spray
cosmetics_weapon_mat85_paladin,尽数清点,Tally Them All,Сведение счетов,Alle abhaken
cosmetics_weapon_mat86_ripper,女王之命,Queen's Demand,По королевину велению,Wunsch der Königin
cosmetics_weapon_mat87_darksiren,坎坷成长,Troubled Upbringing,Трудное детство,Schwierige Kindheit
cosmetics_weapon_mat88_shatterlandv1,碎裂波,Shatterwave,Разбивающая волна,Trümmerwelle
cosmetics_weapon_mat89_mountain,凶兆,Bad Augury,Дурной знак,Schlechtes Omen
cosmetics_weapon_mat90_cityorder,电蚀刻,Electric Etch,Электровыжигание,Elektro-Ätzung
cosmetics_weapon_mat91_shatterlandv2,波形坍缩,Wave Collapse,Обрушение волны,Wellen-Kollaps
cosmetics_weapon_mat92_stingray,冰封,Frozen Over,Заморозка,Überfroren
cosmetics_weapon_shiny_accretion,蜜月期光幻,Honeymooner Phosphen,ФОСФЕНОВЫЙ МОЛОДОЖЕН,
cosmetics_weapon_shiny_aerodramatic,空中戏剧光幻,AeroDramatic Phosphen,ФОСФЕНОВЫЙ АЭРОДРАМАТИК,
cosmetics_weapon_shiny_assembler,追忆光幻,Reminisce Phosphen,ФОСФЕНОВЫЙ ОМУТ ВОСПОМИНАНИЙ,
cosmetics_weapon_shiny_aura,淬炼精髓光幻,Tempered Essence Phosphen,ФОСФЕНОВЫЙ ЗАКАЛЕННЫЙ ЭКСТРАКТ,
cosmetics_weapon_shiny_avarice,贪婪光幻,Avarice Phosphen,ФОСФЕНОВЫЙ СКРЯГА,
cosmetics_weapon_shiny_blackout,护盾泛滥光幻,Shield Overflow Phosphen,ФОСФЕНОВЫЙ ПЕРЕПОЛНЕНЫЙ ЩИТ,
cosmetics_weapon_shiny_clarity,克拉里蒂光幻,Clarity Phosphen,ФОСФЕНОВЫЙ КЛЭРИТИ,
cosmetics_weapon_shiny_devourer,造雨师光幻,Rainmaker Phosphen,ФОСФЕНОВЫЙ ШАМАН,
cosmetics_weapon_shiny_enumeration,枚举光幻,Enumeration Phosphen,ФОСФЕНОВЫЙ УЧЕТ И КОНТРОЛЬ,
cosmetics_weapon_shiny_exhibition,展览光幻,Exhibition Phosphen,ФОСФЕНОВЫЙ ДЕМОНСТРАТОР,
cosmetics_weapon_shiny_flashfuel,闪光燃料光幻,Flash Fuel Phosphen,ФОСФЕНОВЫЙ ЛЕГКОВОСПЛАМЕНЯЮЩИЙСЯ МАТЕРИАЛ,
cosmetics_weapon_shiny_fourier,傅里叶综合症光幻,Fourier's Malady Phosphen,ФОСФЕНОВЫЙ БОЛЬНОЙ ФУРЬЕ,
cosmetics_weapon_shiny_handfrag,破片手雷光幻,Hand Frag Phosphen,ФОСФЕНОВЫЙ РУКООТРЫВАТЕЛЬ,
cosmetics_weapon_shiny_hippogun,河马枪光幻,Hippo Gun Phosphen,ФОСФЕНОВЫЙ СТВОЛ-ГИППОПОТАМ,
cosmetics_weapon_shiny_hotmod,失恋者光幻,Lovelorn Phosphen,ФОСФЕНОВЫЙ СЕРДЦЕЕД,
cosmetics_weapon_shiny_infection,感染光幻,Infection Phosphen,ФОСФЕНОВЫЙ РАЗНОСЧИК,
cosmetics_weapon_shiny_outback,风中飘舞光幻,Wind Skimmer Phosphen,ФОСФЕНОВЫЙ ВЕТРОУЛОВИТЕЛЬ,
cosmetics_weapon_shiny_petanque,地滚球光幻,Petanque Phosphen,ФОСФЕНОВЫЙ ПЕТАНК,
cosmetics_weapon_shiny_pragmate,务实光幻,Pragmate Phosphen,ФОСФЕНОВЫЙ ПРАГМАТ,
cosmetics_weapon_shiny_relay,惊奇者光幻,Astonisher Phosphen,ФОСФЕНОВЫЙ ВОСКЛИЦАТЕЛЬНЫЙ ЗНАК,
cosmetics_weapon_shiny_ripple,涟漪光幻,Ripple Phosphen,ФОСФЕНОВЫЙ БЛИК,
cosmetics_weapon_shiny_shardenfreude,碎片狂欢光幻,Shardenfreude Phosphen,ФОСФЕНОВЫЙ ЗЛОПИХАТЕЛЬ,
cosmetics_weapon_shiny_sledge,暴击衰减光幻,Critical Decay Phosphen,ФОСФЕНОВЫЙ КРИТИЧЕСКИЙ РАСПАД,
cosmetics_weapon_shiny_triplicate,三重复制光幻,Triplicate Phosphen,ФОСФЕНОВЫЙ ТРОЙНОЙ,
