part,Name_ZH,Name_EN,Name_RU,Name_DE,Desc_L1_ZH,Desc_L1_EN,Desc_L1_RU,Desc_L1_DE,Desc_L2_ZH,Desc_L2_EN,Desc_L2_RU,Desc_L2_DE,Desc_L3_ZH,Desc_L3_EN,Desc_L3_RU,Desc_L3_DE
part_firmware_action_fist,动能拳头,Action Fist,Боевой кулак,Action-Faust,近战伤害提升+25%,Melee Damage is increased by +25%,Урон в ближнем бою повышается на +25%,Nahkampfschaden wird um +25% erhöht.,主动技能伤害提升+30%,Action Skill Damage is increased by +30%,Урон от активного навыка повышается на +30%,Action-Skill-Schaden wird um +30% erhöht.,近战击杀后，主动技能伤害提升+30%，持续8秒,"On Melee kill, Action Skill Damage is increased by +30% for 8s",При убийстве в ближнем бою урон от активного навыка повышается на +30% на 8 с.,Action-Skill-Schaden bei einem Nahkampf-Kill wird für 8 Sek. um +30% erhöht.
part_firmware_active_fire,主动开火,Active Fire,Активный огонь,Aktives Feuer,武器伤害提升+10%,Weapon Damage increased by +10%,Урон от оружия повышается на +10%.,Waffenschaden um +10% erhöht,武器充能速率提升-20%,Weapon Charge Rate increased by -20%,Скорость зарядки оружия повышается на -20%.,Waffen-Ladegeschwindigkeit um -20% erhöht,达到完全充能状态后的0.5秒内发射充能武器，造成的伤害将提升+50%,"Firing a Charged Weapon within 0.5 seconds of reaching Full Charge, increases the Damage Dealt by +50%","Стрельба из заряженного оружия в течение 0,5 сек. после получения полного заряда повышает наносимый урон на +50%.","Wenn man eine aufgeladene Waffe innerhalb von 0,5 Sekunden nach Erreichen der vollen Ladung abfeuert, erhöht sich der verursachte Schaden um +50%"
part_firmware_airstrike,空袭,Airstrike,Авиаудар,Luftschlag,溅射半径增加+20%,Splash Radius is increased by +20%,Радиус урона по площади повышается на +20%,Indirekter Schadensradius wird um +20% erhöht.,溅射伤害提升+20%,Splash Damage is increased by +20%,Урон по площади повышается на +20%,Indirekter Schaden wird um +20% erhöht.,击杀时对附近敌人进行导弹袭击。,"On kill, drop a Missile Strike on nearby enemies",При убийстве происходит ракетный удар по врагам поблизости,Greife bei einem Kill Feinde in der Nähe mit einem Raketenschlag an.
part_firmware_atlas_ex,阿特拉斯E.X.,Atlas E.X.,Атлас Экс,,枪械模式切换速度提升-33%,Gun Mode Switch Speed is increased by -33%,Скорость смены режима стрельбы повышается на -33%,Schusswaffen-Moduswechsel-Geschwindigkeit wird um -33% erhöht.,启动阿特拉斯目标锁定时，枪械伤害提升+25%,Gun Damage is increased by +25% while an Atlas Target Lock is active,"Урон от стрельбы при активном захвате цели из ""Атласа"" повышается на +25%",Schusswaffen-Schaden bei aktiver Atlas-Zielerfassung wird um +25% erhöht.,当击杀被阿特拉斯目标锁定的敌人时，会自动目标锁定附近另一名敌人,"When killing an Atlas Target Locked enemy, automatically Target Lock another nearby enemy","При убийстве врага, захваченного в прицел оружием ""Атласа"", другой враг поблизости автоматически попадает в захват цели.",Beim Töten eines mit Atlas-Zielerfassung anvisierten Ziels erfasst die Schusswaffe automatisch einen weiteren Feind in der Nähe.
part_firmware_atlas_infinum,阿特拉斯无限量,Atlas Infinum,Атлас Инфинум,Atlas-Infinum,启动阿特拉斯目标锁定时，枪械射速提升+12%,Gun Fire Rate is increased by +12% while an Atlas Target Lock is active,"Скорострельность при активном захвате цели из ""Атласа"" увеличена на +12%","Schusswaffen-Feuerrate um +12% erhöht, solange eine Atlas-Zielerfassung aktiv ist.",配备阿特拉斯授权部件的枪械获得+15%伤害,Guns with Atlas-licensed parts gain +15% Damage,"Пушки с сертифицированными деталями ""Атлас"" наносят +15% ед. урона",Schusswaffen mit Atlas-lizenzierten Teilen erhalten +15% Schaden.,阿特拉斯目标锁定可无限次使用，切换枪械后失效。,"Atlas Target Locks are infinite, unless you swap Guns","Захват цели у ""Атласа"" действует бесконечно, пока вы не поменяете пушку","Atlas-Zielerfassungen sind unendlich, es sei denn, man tauscht die Schusswaffe."
part_firmware_baker,烘焙师,Baker,Пекарь,Stärkung,护盾容量增加+10%,Shield Capacity is increased by +10%,Емкость щита повышается на +10%,Schildkapazität wird um +10% erhöht.,修复套件冷却时间减少-15%,Repkit Cooldown Duration is reduced by -15%,Время восстановления ремкомплекта снижается на -15%,Reparaturkit-Abklingzeit wird um -15% reduziert,最大生命值提升+25%,Maximum Health is increased by +25%,Максимальный уровень здоровья повышается на +25%,Maximale Gesundheit wird um +25% erhöht.
part_firmware_bruiser,重击者,Bruiser,Драчун,Aufmischer,受到的伤害减少+10%,Damage Taken reduced by +10%,Полученный урон уменьшается на +10%,Erlittener Schaden wird um +10% reduziert,吸血提升+2%,Lifesteal increased by +2%,Кража здоровья увеличивается на +2%,Lebensraub wird um +2% erhöht,击杀敌人造成的伤害提升+10%，持续30秒。多层效果可叠加。最多叠加5层。,Killing an enemy grants +10% Damage Dealt for 30 seconds. Multiple stacks can overlap. Max 5 stacks.,При убийстве врага наносится +10% ед. урона в течение 30 сек.. Множественные заряды могут складываться. Максимум зарядов: 5.,"Einen Feind zu töten, gewährt 30 Sekunden lang +10% verursachten Schaden. Mehrere Stapel können überlappen. Maximal 5 Stapel."
part_firmware_bullets_to_spare,备用子弹,Bullets To Spare,Лишние пули,Übrige Munition,枪械射速提升+5%,Gun Fire Rate is increased by +5%,Скорострельность повышается на +5%,Schusswaffen-Feuerrate wird um +5% erhöht.,枪械弹匣容量增加+20%,Gun Magazine Size is increased by +20%,Емкость магазина пушки повышается на +20%,Schusswaffen-Magazingröße wird um +20% erhöht.,枪械射速提升量为枪械弹匣容量的+50%,Gun Fire Rate is increased by +50% of Gun Magazine Size,Скорострельность повышается на +50% от размера магазина,Schusswaffen-Feuerrate wird um +50% der Magazingröße der Schusswaffe erhöht.
part_firmware_daeddy_o,大情圣,Daed-dy O',Деда дал,Daeddy-O,枪械模式切换速度提升-25%,Gun Mode Switch Speed is increased by -25%,Скорость смены режима стрельбы повышается на -25%,Schusswaffen-Moduswechsel-Geschwindigkeit wird um -25% erhöht.,枪械弹匣容量增加+20%,Gun Magazine Size is increased by +20%,Емкость магазина пушки повышается на +20%,Schusswaffen-Magazingröße wird um +20% erhöht.,切换模式时获得+35%伤害和+35%射速，持续5秒。,"On Mode Switch, grants +35% Damage and +35% Fire Rate for 5s",При переключении режимов дает +35% урона и +35% скорострельности в течение 5 с.,Gewährt beim Moduswechsel für 5 Sek. {mod }Schaden und +35% Feuerrate.
part_firmware_deadeye,神枪手,Deadeye,Меткий глаз,Scharfschütze,枪械精准度提升-30%,Gun Accuracy is increased by -30%,Точность оружия повышается на -30%,Schusswaffen-Zielgenauigkeit wird um -30% erhöht.,枪械暴击伤害提升+25%,Gun Critical Damage is increased by +25%,Критический урон от стрельбы повышается на +25%,Kritischer Schusswaffen-Schaden wird um +25% erhöht.,每次暴击时，每有一层叠加都将获得+15%暴击伤害（最多叠加5层），持续10秒,Every Critical Hit grants +15% Critical Damage per Stack (for a Maximum 5 Stacks) for 10s,Каждое критическое попадание повышает критический урон на +15% за каждый заряд. Максимум зарядов: 5. Длительность 10 с.,Jeder kritische Treffer gewährt 10 Sek. lang +15% kritischen Schaden pro Stapel (für maximal 5 Stapel).
part_firmware_gadget_ahoy,装置启动,Gadget Ahoy,Ай да штуковина,Hilfsmittel los,炮械冷却时间减少-15%,Ordnance Cooldown Duration is reduced by -15%,Время восстановления снарядов уменьшается на -15%,Kampfmittel-Abklingzeit wird um -15% reduziert.,炮械伤害提升+20%,Ordnance Damage is increased by +20%,Урон от снарядов повышается на +20%,Kampfmittel-Schaden wird um +20% erhöht.,用炮械击杀获得+20%伤害，持续15秒,Ordnance kills grant +20% Damage for 15s,Убийства с помощью снарядов позволяют наносить +20% ед. урона в течение 15с.,Kampfmittel-Kills gewähren 15 Sek. lang +20% Schaden.
part_firmware_get_throwin,发球入场,Get Throwin',Время разбрасывать,Großer Wurf,手雷伤害提升+35%,Grenade Damage is increased by +35%,Урон от гранат повышается на +35%,Granatenschaden wird um +35% erhöht.,溅射半径增加+20%,Splash Radius is increased by +20%,Радиус урона по площади повышается на +20%,Indirekter Schadensradius wird um +20% erhöht.,手雷和泰迪尔投掷枪械有+50%几率生成追踪导弹，自动攻击附近敌人,Grenades and Tediore Thrown Guns have a +50% Chance to spawn homing Missiles that home in on nearby enemies,"Гранаты и метательные пушки ""Тедиор"" получают шанс +50% выпустить самонаводящиеся ракеты, которые будут выслеживать врагов поблизости","Granaten und geworfene Tediore-Schusswaffen haben eine Chance von +50%, Zielsuchraketen zu spawnen, die Feinde in der Nähe aufspüren."
part_firmware_god_killer,弑神者,God Killer,Убийца богов,Göttertöter,对恶棍敌人造成的伤害提升+10%,Damage Dealt to Badass Enemies is increased by +10%,"Урон, наносимый безбашенным врагам, повышается на +10%",Schaden gegen Badass-Feinde wird um +10% erhöht.,受到恶棍敌人造成的伤害减少-10%,Damage Taken from Badass Enemies is reduced by -10%,"Урон, полученный от безбашенных врагов, уменьшается на -10%",Durch Badass-Feinde erlittener Schaden wird um -10% reduziert,击杀恶棍敌人时，造成的伤害提升+20%，持续60秒,"On killing a Badass Enemy, Damage Dealt is increased by +20% for 60s",При убийстве безбашенного врага наносимый урон повышается на +20% на 60 с.,Verursachter Schaden beim Töten eines Badass-Feindes wird für 60 Sek. um +20% erhöht.
part_firmware_goojfc,保命王牌,Goojfc,ОТМАЗКА,,主动技能冷却速率提升+10%,Action Skill Cooldown Rate is increased by +10%,Скорость восстановления активного навыка повышается на +10%,Action-Skill-Abklinggeschwindigkeit wird um +10% erhöht.,主动技能伤害提升+15%,Action Skill Damage is increased by +15%,Урон от активного навыка повышается на +15%,Action-Skill-Schaden wird um +15% erhöht.,主动技能冷却速率额外提升+20%,Action Skill Cooldown Rate is increased by an additional +20%,Скорость восстановления активного навыка дополнительно увеличена на +20%,Action-Skill-Abklinggeschwindigkeit wird um weitere +20% erhöht.
part_firmware_heating_up,加热升温,Heating Up,Подогрев,Aufheizen,枪械装填速度提升-20%,Gun Reload Speed is increased by -20%,Скорость перезарядки пушек повышается на -20%,Schusswaffen-Nachladegeschwindigkeit wird um -20% erhöht.,秘藏之子授权枪械部件在损坏前可发射的过热子弹数量提升+50%,Amount of Overheated shots before breaking is increased by +50% with CoV-Licensed Gun Parts,Количество выстрелов до поломки при перегреве пушек с сертифицированными деталями Детей Хранилища повышается на +50%,Mit KDK-lizenzierten Schusswaffen-Teilen wird die Anzahl der überhitzten Schüsse vorm Zerbrechen um +50% erhöht.,秘藏之子授权枪械部件过热时，枪械伤害提升+25%,Gun Damage is increased by +25% while Overheating with CoV-Licensed Gun Parts,При перегреве сертифицированных деталей пушек Детей Хранилища урон от стрельбы повышается на +25%,Schusswaffen-Schaden wird bei Überhitzung mit KDK-lizenzierten Schusswaffen-Teilen um +25% erhöht.
part_firmware_high_caliber,大口径,High Caliber,Крупный калибр,Hochkalibrig,射弹速度提升+25%,Projectile Speed is increased by +25%,Скорость снаряда повышается на +25%,Projektilgeschwindigkeit wird um +25% erhöht.,枪械伤害提升+10%,Gun Damage is increased by +10%,Урон от стрельбы повышается на +10%,Schusswaffen-Schaden wird um +10% erhöht.,子弹会穿透敌人,Bullets Pierce enemies,Пули пробивают врагов насквозь,Kugeln durchbohren Feinde.
part_firmware_jacked,杰克式改造,Jacked,Накачка,,瞄准放大速度提升-35%,Zoom In Speed is increased by -35%,Скорость прицеливания повышается на -35%,Heranzoom-Geschwindigkeit wird um -35% erhöht.,亥伯龙枪械护盾容量增加+50%,Hyperion Gun Shield Capacity is increased by +50%,"Емкость оружейного щита ""Гиперион"" повышается на +50%",Hyperion-Schusswaffen-Schildkapazität wird um +50% erhöht.,亥伯龙枪械护盾有+40%几率将射弹跳弹回敌人,Hyperion Gun Shields have a +40% Chance to Ricochet Projectiles back to the enemy,"У оружейных щитов ""Гиперион"" есть +40% шанс отрикошетить снаряды обратно во врага.","Hyperion-Schusswaffen-Schilde haben eine Chance von +40%, Projektile zum Feind zurückprallen zu lassen."
part_firmware_lifeblood,命脉,Lifeblood,Сок жизни,Lebensblut,修复套件治疗效果提升+10%,Repkit Healing is increased by +10%,Лечащий эффект ремкомплекта повышается на +10%,Reparaturkit-Heilung wird um +10% erhöht.,吸血提升+5%,Lifesteal is increased by +5%,Кража здоровья повышается на +5%,Lebensraub wird um +5% erhöht.,击杀后恢复+10%的最大生命值。,"On kill, regenerates +10% of Maximum Health",Восстанавливает +10% от максимального уровня здоровья за убийство,Regeneriert bei einem Kill +10% der maximalen Gesundheit.
part_firmware_oscar_mike,正在行动,Oscar Mike,Снова в строю,,枪械装填速度提升-10%,Gun Reload Speed is increased by -10%,Скорость перезарядки пушек повышается на -10%,Schusswaffen-Nachladegeschwindigkeit wird um -10% erhöht.,根据枪械弹匣的空余量，枪械伤害最高提升+20%,Gun Damage is increased by up to +20% based on the emptiness of your Gun's Magazine,Урон от стрельбы повышается до +20% в зависимости от наполненности магазина вашей пушки,Schusswaffen-Schaden wird basierend auf der Leere des Magazins deiner Schusswaffe um bis zu +20% erhöht.,装填后，枪械射速提升+30%，持续4秒,"After Reloading, Gun Fire Rate is increased by +30% for 4s",Скорострельность после перезарядки повышается на +30% на 4 с.,Nach dem Nachladen wird die Schusswaffen-Feuerrate für 4 Sek. um +30% erhöht.
part_firmware_reel_big_fist,沙包大拳头,Reel Big Fist,Размахнись рука,Starke Faust,近战伤害提升+25%,Melee Damage is increased by +25%,Урон в ближнем бою повышается на +25%,Nahkampfschaden wird um +25% erhöht.,近战伤害额外提升+25%,Melee Damage is increased by an additional +25%,Урон в ближнем бою дополнительно повышается на +25%,Nahkampfschaden wird um weitere +25% erhöht.,近战击杀会触发星爆，造成+200%近战伤害,Melee kills trigger a Nova explosion for +200% Melee Damage,"При убийстве в ближнем бою запускается волна, наносящая +200% ед. урона в ближнем бою",Nahkampf-Kills lösen eine Nova-Explosion für +200% Nahkampfschaden aus.
part_firmware_risky_boots,风险启用,Risky Boots,Сапоги риска,Risikofreudig,当生命值低于35%时，受到的伤害减少-30%,"When Health is less than 35%, Damage Taken is reduced by -30%","Если уровень здоровья падает ниже 35%, получаемый урон снижается на -30%",Bei unter 35% Gesundheit wird der erlittene Schaden um -30% reduziert.,当生命值低于35%时，移动速度提升+35%,"When Health is less than 35%, Movement Speed is increased by +35%","Если уровень здоровья ниже 35%, скорость перемещения повышается на +35%",Bei unter 35% Gesundheit wird die Bewegungsgeschwindigkeit um +35% erhöht.,当生命值低于35%时，造成的伤害提升+5%，吸血提升+5%,"When Health is less than 35%, Damage Dealt is increased by +5% and Lifesteal is increased by +5%","Если уровень здоровья ниже 35%, наносимый урон повышается на +5%, а кража здоровья на +5%",Bei unter 35% Gesundheit wird der verursachte Schaden um +5% und Lebensraub um +5% erhöht.
part_firmware_rubberband_man,橡皮筋人,Rubberband Man,Гуттаперчевый человек,Gummiband-Mann,伤害减免提升-10%,Damage Reduction is increased by -10%,Уменьшение урона повышается на -10%,Schadensreduktion wird um -10% erhöht.,吸血提升+10%,Lifesteal is increased by +10%,Кража здоровья повышается на +10%,Lebensraub wird um +10% erhöht.,该固件提供的加成加倍。,Bonuses granted by this Firmware are doubled,Бонусы от этой прошивки удваиваются,Die durch diese Firmware gewährten Boni werden verdoppelt.
part_firmware_skillcraft,技能工艺,Skillcraft,Умелец,,技能伤害提升+15%,Skill Damage increased by +15%,Урон от навыков повышается на +15%.,Skill-Schaden um +15% erhöht,技能暴击率提升+10%,Skill Critical Chance increased by +10%,Шанс на критический урон от навыка повышается на +10%.,Kritische Skill-Trefferschanceum +10% erhöht,造成技能伤害时技能伤害将提升+2%，持续10秒。最多可叠加25层。,Dealing Skill Damage increases Skill Damage by +2% for 10 seconds. Stacks up to 25 times.,При нанесении урона от навыков этот вид урона повышается на +2% на 10 сек. Эффект суммируется до 25 раз.,Das Verursachen von Skill-Schaden erhöht den Skill-Schaden 10 Sekunden lang um +2%. Bis zu 25-mal stapelbar.
part_firmware_trickshot,花式射击,Trickshot,Хитрый выстрел,Trickschuss,枪械装填速度提升-5%,Gun Reload Speed is increased by -5%,Скорость перезарядки пушек повышается на -5%,Schusswaffen-Nachladegeschwindigkeit wird um -5% erhöht.,枪械暴击伤害提升+10%,Gun Critical Damage is increased by +10%,Критический урон от стрельбы повышается на +10%,Kritischer Schusswaffen-Schaden wird um +10% erhöht.,暴击有+50%几率向当前装备的枪械弹匣补充1弹药,Critical Hits have a +50% Chance to refill 1 Ammo to the currently-equipped Gun's Magazine,Критические попадания дают шанс +50% восполнить 1 боеприпас в вашем текущем магазине.,"Kritische Treffer haben eine Chance von +50%, 1 Munition im Magazin der aktuell ausgerüsteten Schusswaffe aufzufüllen."
