manufacturers_ID,perk_ID,perk_name_EN,perk_name_ZH,perk_name_RU,perk_name_DE
247,1,,,,
247,2,,,,
247,3,,,,
247,4,,,,
247,5,,,,
247,6,,,,
247,7,,,,
247,8,,,,
247,9,,,,
247,10,,,,
247,11,,,,
247,12,,,,
247,13,,,,
247,14,,,,
247,15,,,,
247,16,,,,
247,17,,,,
247,18,,,,
247,19,,,,
247,20,,,,
247,21,Sniper Mag +75%,狙击枪弹匣容量 +75%,Размер магазина снайперских винтовок повышается на +75%,Sniper-Rifle-Magazingröße wird um +75% erhöht.
247,22,Shotgun Mag +75%,霰弹枪弹匣容量 +75%,Емкость магазина дробовиков повышается на +75%,Shotgun-Magazingröße wird um +75% erhöht.
247,23,SMG Mag +75%,冲锋枪弹匣容量 +75%,Емкость магазина пистолетов-пулеметов повышается на +75%,SMG-Magazingröße wird um +75% erhöht.
247,24,Pistol Mag +75%,手枪弹匣容量 +75%,Размер магазина пистолетов увеличен на +75%,Pistolen-Magazingröße wird um +75% erhöht.
247,25,AR Mag +75%,突击步枪弹匣容量 +75%,Размер магазина автоматов повышается на +75%,Assault-Rifle-Magazingröße wird um +75% erhöht.
247,26,Sniper Crit DMG +75%,狙击枪暴击伤害 +75%,Критический урон от снайперских винтовок повышается на +75%,Kritischer Sniper-Rifle-Schaden wird um +75% erhöht.
247,27,Shotgun Crit DMG +75%,霰弹枪暴击伤害 +75%,Критический урон от дробовиков повышается на +75%,Kritischer Shotgun-Schaden wird um +75% erhöht.
247,28,SMG Crit DMG +75%,冲锋枪暴击伤害 +75%,Критический урон от ПП повышается на +75%,Kritischer SMG-Schaden wird um +75% erhöht.
247,29,Pistol Crit DMG +75%,手枪暴击伤害 +75%,Критический урон от пистолетов повышается на +75%,Kritischer Pistolenschaden wird um +75% erhöht.
247,30,AR Crit DMG +75%,突击步枪暴击伤害 +75%,Критический урон от автоматов повышается на +75%,Kritischer Assault-Rifle-Schaden wird um +75% erhöht.
247,31,Sniper DMG +38%,狙击枪伤害 +38%,Урон от снайперских винтовок повышается на +38%,Sniper-Rifle-Schaden wird um +38% erhöht.
247,32,Shotgun DMG +38%,霰弹枪伤害 +38%,Урон от дробовиков повышается на +38%,Shotgun-Schaden wird um +38% erhöht.
247,33,SMG DMG +38%,冲锋枪伤害 +38%,Урон от пистолетов-пулеметов повышается на +38%,SMG-Schaden wird um +38% erhöht.
247,34,Pistol DMG +38%,手枪伤害 +38%,Урон от пистолетов повышается на +38%,Pistolenschaden wird um +38% erhöht.
247,35,AR DMG +38%,突击步枪伤害 +38%,Урон от автоматов повышается на +38%,Assault-Rifle-Schaden wird um +38% erhöht.
247,36,Sniper Fire Rate +38%,狙击枪射速 +38%,Скорострельность снайперских винтовок повышается на +38%,Sniper-Rifle-Feuerrate wird um +38% erhöht.
247,37,Shotgun Fire Rate +38%,霰弹枪射速 +38%,Скорострельность дробовиков повышается на +38%,Shotgun-Feuerrate wird um +38% erhöht.
247,38,SMG Fire Rate +38%,冲锋枪射速 +38%,Скорострельность пистолетов-пулеметов повышается на +38%,SMG-Feuerrate wird um +38% erhöht.
247,39,Pistol Fire Rate +38%,手枪射速 +38%,Скорострельность пистолетов повышается на +38%,Pistolen-Feuerrate wird um +38% erhöht.
247,40,AR Fire Rate +38%,突击步枪射速 +38%,Скорострельность автоматов повышается на +38%,Assault-Rifle-Feuerrate wird um +38% erhöht.
247,41,Sniper Acc +75%,狙击枪精准度 +75%,Точность снайперских винтовок повышается на +75%,Sniper-Rifle-Zielgenauigkeit wird um +75% erhöht.
247,42,Shotgun Acc +75%,霰弹枪精准度 +75%,Точность дробовиков повышается на +75%,Shotgun-Zielgenauigkeit wird um +75% erhöht.
247,43,SMG Acc +75%,冲锋枪精准度 +75%,Точность пистолетов-пулеметов повышается на +75%,SMG-Zielgenauigkeit wird um +75% erhöht.
247,44,Pistol Acc +75%,手枪精准度 +75%,Точность пистолетов повышается на +75%,Pistolen-Zielgenauigkeit wird um +75% erhöht.
247,45,AR Acc +75%,突击步枪精准度 +75%,Точность автоматов повышается на +75%,Assault-Rifle-Zielgenauigkeit wird um +75% erhöht.
247,46,Sniper Splash DMG +38%,狙击枪溅射伤害 +38%,Урон по площади от снайперских винтовок повышается на +38%,Indirekter Sniper-Rifle-Schaden wird um +38% erhöht.
247,47,Shotgun Splash DMG +38%,霰弹枪溅射伤害 +38%,Урон по площади от дробовиков повышается на +38%,Indirekter Shotgun-Schaden wird um +38% erhöht.
247,48,SMG Splash DMG +38%,冲锋枪溅射伤害 +38%,Урон по площади от пистолетов-пулеметов повышается на +38%,Indirekter SMG-Schaden wird um +38% erhöht.
247,49,Pistol Splash DMG +38%,手枪溅射伤害 +38%,Урон по площади от пистолетов повышается на +38%,Indirekter Pistolen-Schaden wird um +38% erhöht.
247,50,AR Splash DMG +38%,突击步枪溅射伤害 +38%,Урон по площади от автоматов повышается на +38%,Indirekter Assault-Rifle-Schaden wird um +38% erhöht.
247,51,Shotgun Splash Radius +75%,霰弹枪溅射半径 +75%,Радиус урона по площади от дробовиков повышается на +75%,Indirekter Shotgun-Schadensradius wird um +75% erhöht.
247,52,Pistol Splash Radius +75%,手枪溅射半径 +75%,Радиус урона по площади от пистолетов повышается на +75%,Indirekter Pistolen-Schadensradius wird um +75% erhöht.
247,53,Sniper Splash Radius +75%,狙击枪溅射半径 +75%,Радиус урона по площади от снайперских винтовок повышается на +75%,Indirekter Sniper-Rifle-Schadensradius wird um +75% erhöht.
247,54,SMG Splash Radius +75%,冲锋枪溅射半径 +75%,Радиус урона по площади от пистолетов-пулеметов повышается на +75%,Indirekter SMG-Schadensradius wird um +75% erhöht.
247,55,AR Splash Radius +75%,突击步枪溅射半径 +75%,Радиус урона по площади от автоматов повышается на +75%,Indirekter Assault-Rifle-Schadensradius wird um +75% erhöht.
247,56,Sniper ADS +75%,狙击枪开镜瞄准速度 +75%,Навык прицеливания из снайперской винтовки повышается на +75%,Sniper-Rifle-ZV-Kenntnisse werden um +75% erhöht.
247,57,Shotgun ADS +75%,霰弹枪开镜瞄准速度 +75%,Навык прицеливания из дробовика повышается на +75%,Shotgun-ZV-Kenntnisse werden um +75% erhöht.
247,58,SMG ADS +75%,冲锋枪开镜瞄准速度 +75%,Навык прицеливания из пистолета-пулемета повышается на +75%,SMG-ZV-Kenntnisse werden um +75% erhöht.
247,59,Pistol ADS +75%,手枪开镜瞄准速度 +75%,Навык прицеливания из пистолета повышается на +75%,Pistolen-ZV-Kenntnisse werden um +75% erhöht.
247,60,AR ADS +75%,突击步枪开镜瞄准速度 +75%,Навык прицеливания из автомата повышается на +75%,Assault-Rifle-ZV-Kenntnisse werden um +75% erhöht.
247,61,Pistol Status Effect DMG +38%,手枪状态效果伤害 +38%,Временной стихийный урон от пистолетов повышается на +38%,Pistolen-Statuseffekt-Schaden wird um +38% erhöht.
247,62,Sniper Status Effect DMG +38%,狙击枪状态效果伤害 +38%,Временной стихийный урон от снайперской винтовки повышается на +38%,Sniper-Rifle-Statuseffekt-Schaden wird um +38% erhöht.
247,63,Shotgun Status Effect DMG +38%,霰弹枪状态效果伤害 +38%,Временной стихийный урон от дробовиков повышается на +38%,Shotgun-Statuseffekt-Schaden wird um +38% erhöht.
247,64,SMG Status Effect DMG +38%,冲锋枪状态效果伤害 +38%,Временной стихийный урон от пистолетов-пулеметов повышается на +38%,SMG-Statuseffekt-Schaden wird um +38% erhöht.
247,65,AR Status Effect DMG +38%,突击步枪状态效果伤害 +38%,Временной стихийный урон от автоматов повышается на +38%,Assault-Rifle-Statuseffekt-Schaden wird um +38% erhöht.
247,66,Shotgun Status Effect Chance +38%,霰弹枪状态效果率 +38%,Шанс временного стихийного урона от дробовиков повышается на +38%,Shotgun-Statuseffekt-Chance wird um +38% erhöht.
247,67,SMG Status Effect Chance +38%,冲锋枪状态效果率 +38%,Шанс временного стихийного урона от пистолетов-пулеметов повышается на +38%,SMG-Statuseffekt-Chance wird um +38% erhöht.
247,68,Sniper Status Effect Chance +38%,狙击枪状态效果率 +38%,Шанс временного стихийного урона от снайперской винтовки повышается на +38%,Sniper-Rifle-Statuseffekt-Chance wird um +38% erhöht.
247,69,Pistol Status Effect Chance +38%,手枪状态效果率 +38%,Шанс временного стихийного урона от пистолетов повышается на +38%,Pistolen-Statuseffekt-Chance wird um +38% erhöht.
247,70,AR Status Effect Chance +38%,突击步枪状态效果率 +38%,Шанс временного стихийного урона от автоматов повышается на +38%,Assault-Rifle-Statuseffekt-Chance wird um +38% erhöht.
247,71,AR Equip +150%,突击步枪装备速度 +150%,Скорость смены оружия на автомат повышается на +150%,Assault-Rifle-Ausrüstgeschwindigkeit wird um +150% erhöht.
247,72,Pistol Equip +150%,手枪装备速度 +150%,Скорость смены оружия на пистолет повышается на +150%,Pistolen-Ausrüstgeschwindigkeit wird um +150% erhöht.
247,73,Shotgun Equip +150%,霰弹枪装备速度 +150%,Скорость смены оружия на дробовик повышается на +150%,Shotgun-Ausrüstgeschwindigkeit wird um +150% erhöht.
247,74,SMG Equip +150%,冲锋枪装备速度 +150%,Скорость смены оружия на пистолет-пулемет повышается на +150%,SMG-Ausrüstgeschwindigkeit wird um +150% erhöht.
247,75,Sniper Equip +150%,狙击枪装备速度 +150%,Скорость смены оружия на снайперскую винтовку повышается на +150%,Sniper-Rifle-Ausrüstgeschwindigkeit wird um +150% erhöht.
247,81,Gun Equip +100%,枪械装备速度 +100%,Скорость смены оружия на повышается на +100%,Schusswaffen-Ausrüstgeschwindigkeit wird um +100% erhöht.
247,82,Gun Reload +25%,枪械装填速度 +25%,Скорость перезарядки пушек повышается на +25%,Schusswaffen-Nachladegeschwindigkeit wird um +25% erhöht.
247,83,Gun Status Effect Chance +25%,枪械状态效果率 +25%,Шанс временного стихийного эффекта от стрельбы повышается на +25%,Schusswaffen-Statuseffekt-Chance wird um +25% erhöht.
247,84,Gun Status Effect DMG +25%,枪械状态效果伤害 +25%,Временной стихийный урон от стрельбы повышается на +25%,Schusswaffen-Statuseffekt-Schaden wird um +25% erhöht.
247,85,Gun ADS +50%,枪械开镜瞄准速度 +50%,Навык прицеливания повышается на +50%,Schusswaffen-ZV-Kenntnisse werden um +50% erhöht.
247,86,Gun Splash Radius +50%,枪械溅射半径 +50%,Радиус урона по площади от пушек повышается на +50%,Indirekter Schusswaffen-Schadensradius wird um +50% erhöht.
247,87,Gun Splash Radius +25%,枪械溅射半径 +25%,Урон от стрельбы по площади повышается на +25%,Indirekter Schusswaffen-Schaden wird um +25% erhöht.
247,88,Gun Crit DMG +25%,枪械暴击伤害 +25%,Критический урон от стрельбы повышается на +25%,Kritischer Schusswaffen-Schaden wird um +25% erhöht.
247,89,Gun Acc +50%,枪械精准度 +50%,Точность оружия повышается на +50%,Schusswaffen-Zielgenauigkeit wird um +50% erhöht.
247,90,Gun Fire Rate +25%,枪械射速 +25%,Скорострельность повышается на +25%,Schusswaffen-Feuerrate wird um +25% erhöht.
247,91,Gun DMG +25%,枪械伤害 +25%,Урон от стрельбы повышается на +25%,Schusswaffen-Schaden wird um +25% erhöht.
247,92,Sniper Reload +38%,狙击枪装填速度 +38%,Скорость перезарядки снайперских винтовок повышается на +38%,Sniper-Rifle-Nachladegeschwindigkeit wird um +38% erhöht.
247,93,SMG Reload +38%,冲锋枪装填速度 +38%,Скорость перезарядки пистолетов-пулеметов повышается на +38%,SMG-Nachladegeschwindigkeit wird um +38% erhöht.
247,94,Shotgun Reload +38%,霰弹枪装填速度 +38%,Скорость перезарядки дробовиков повышается на +38%,Shotgun-Nachladegeschwindigkeit wird um +38% erhöht.
247,95,AR Reload +38%,突击步枪装填速度 +38%,Скорость перезарядки автоматов повышается на +38%,Assault-Rifle-Nachladegeschwindigkeit wird um +38% erhöht.
247,96,Pistol Reload +38%,手枪装填速度 +38%,Скорость перезарядки пистолетов повышается на +38%,Pistolen-Nachladegeschwindigkeit wird um +38% erhöht.
247,103,,,,
247,104,Sniper Status Effect DMG +38%,狙击枪状态效果伤害 +38%,Временной стихийный урон от снайперской винтовки повышается на +38%,Sniper-Rifle-Statuseffekt-Schaden wird um +38% erhöht.
247,105,Sniper Status Effect Chance +38%,狙击枪状态效果率 +38%,Шанс временного стихийного урона от снайперской винтовки повышается на +38%,Sniper-Rifle-Statuseffekt-Chance wird um +38% erhöht.
247,106,Sniper Splash Radius +75%,狙击枪溅射半径 +75%,Радиус урона по площади от снайперских винтовок повышается на +75%,Indirekter Sniper-Rifle-Schadensradius wird um +75% erhöht.
247,107,Sniper Status Effect DMG +38%,狙击枪状态效果伤害 +38%,Урон по площади от снайперских винтовок повышается на +38%,Indirekter Sniper-Rifle-Schaden wird um +38% erhöht.
247,108,Sniper Reload +38%,狙击枪装填速度 +38%,Скорость перезарядки снайперских винтовок повышается на +38%,Sniper-Rifle-Nachladegeschwindigkeit wird um +38% erhöht.
247,109,Sniper Mag +75%,狙击枪弹匣容量 +75%,Размер магазина снайперских винтовок повышается на +75%,Sniper-Rifle-Magazingröße wird um +75% erhöht.
247,110,Sniper Fire Rate +38%,狙击枪射速 +38%,Скорострельность снайперских винтовок повышается на +38%,Sniper-Rifle-Feuerrate wird um +38% erhöht.
247,111,Sniper Equip +150%,狙击枪装备速度 +150%,Скорость смены оружия на снайперскую винтовку повышается на +150%,Sniper-Rifle-Ausrüstgeschwindigkeit wird um +150% erhöht.
247,112,Sniper DMG +38%,狙击枪伤害 +38%,Урон от снайперских винтовок повышается на +38%,Sniper-Rifle-Schaden wird um +38% erhöht.
247,113,Sniper Crit DMG +75%,狙击枪暴击伤害 +75%,Критический урон от снайперских винтовок повышается на +75%,Kritischer Sniper-Rifle-Schaden wird um +75% erhöht.
247,114,Sniper ADS +75%,狙击枪开镜瞄准速度 +75%,Навык прицеливания из снайперской винтовки повышается на +75%,Sniper-Rifle-ZV-Kenntnisse werden um +75% erhöht.
247,115,Sniper Acc +75%,狙击枪精准度 +75%,Точность снайперских винтовок повышается на +75%,Sniper-Rifle-Zielgenauigkeit wird um +75% erhöht.
247,116,SMG Status Effect DMG +38%,冲锋枪状态效果伤害 +38%,Временной стихийный урон от пистолетов-пулеметов повышается на +38%,SMG-Statuseffekt-Schaden wird um +38% erhöht.
247,117,SMG Status Effect Chance +38%,冲锋枪状态效果率 +38%,Шанс временного стихийного урона от пистолетов-пулеметов повышается на +38%,SMG-Statuseffekt-Chance wird um +38% erhöht.
247,118,SMG Splash Radius +75%,冲锋枪溅射半径 +75%,Радиус урона по площади от пистолетов-пулеметов повышается на +75%,Indirekter SMG-Schadensradius wird um +75% erhöht.
247,119,SMG Splash DMG +38%,冲锋枪溅射伤害 +38%,Урон по площади от пистолетов-пулеметов повышается на +38%,Indirekter SMG-Schaden wird um +38% erhöht.
247,120,SMG Reload +38%,冲锋枪装填速度 +38%,Скорость перезарядки пистолетов-пулеметов повышается на +38%,SMG-Nachladegeschwindigkeit wird um +38% erhöht.
247,121,SMG Mag +75%,冲锋枪弹匣容量 +75%,Емкость магазина пистолетов-пулеметов повышается на +75%,SMG-Magazingröße wird um +75% erhöht.
247,122,SMG Fire Rate +38%,冲锋枪射速 +38%,Скорострельность пистолетов-пулеметов повышается на +38%,SMG-Feuerrate wird um +38% erhöht.
247,123,SMG Equip +150%,冲锋枪装备速度 +150%,Скорость смены оружия на пистолет-пулемет повышается на +150%,SMG-Ausrüstgeschwindigkeit wird um +150% erhöht.
247,124,SMG DMG +38%,冲锋枪伤害 +38%,Урон от пистолетов-пулеметов повышается на +38%,SMG-Schaden wird um +38% erhöht.
247,125,SMG Crit DMG +75%,冲锋枪暴击伤害 +75%,Критический урон от ПП повышается на +75%,Kritischer SMG-Schaden wird um +75% erhöht.
247,126,SMG ADS +75%,冲锋枪开镜瞄准速度 +75%,Навык прицеливания из пистолета-пулемета повышается на +75%,SMG-ZV-Kenntnisse werden um +75% erhöht.
247,127,SMG Acc +75%,冲锋枪精准度 +75%,Точность пистолетов-пулеметов повышается на +75%,SMG-Zielgenauigkeit wird um +75% erhöht.
247,128,Shotgun Status Effect DMG +38%,霰弹枪状态效果伤害 +38%,Временной стихийный урон от дробовиков повышается на +38%,Shotgun-Statuseffekt-Schaden wird um +38% erhöht.
247,129,Shotgun Status Effect Chance +38%,霰弹枪状态效果率 +38%,Шанс временного стихийного урона от дробовиков повышается на +38%,Shotgun-Statuseffekt-Chance wird um +38% erhöht.
247,130,Shotgun Splash Radius +75%,霰弹枪溅射半径 +75%,Радиус урона по площади от дробовиков повышается на +75%,Indirekter Shotgun-Schadensradius wird um +75% erhöht.
247,131,Shotgun Splash DMG +38%,霰弹枪溅射伤害 +38%,Урон по площади от дробовиков повышается на +38%,Indirekter Shotgun-Schaden wird um +38% erhöht.
247,132,Shotgun Reload +38%,霰弹枪装填速度 +38%,Скорость перезарядки дробовиков повышается на +38%,Shotgun-Nachladegeschwindigkeit wird um +38% erhöht.
247,133,Shotgun Mag +75%,霰弹枪弹匣容量 +75%,Емкость магазина дробовиков повышается на +75%,Shotgun-Magazingröße wird um +75% erhöht.
247,134,Shotgun Fire Rate +38%,霰弹枪射速 +38%,Скорострельность дробовиков повышается на +38%,Shotgun-Feuerrate wird um +38% erhöht.
247,135,Shotgun Equip +150%,霰弹枪装备速度 +150%,Скорость смены оружия на дробовик повышается на +150%,Shotgun-Ausrüstgeschwindigkeit wird um +150% erhöht.
247,136,Shotgun DMG +38%,霰弹枪伤害 +38%,Урон от дробовиков повышается на +38%,Shotgun-Schaden wird um +38% erhöht.
247,137,Shotgun Crit DMG +75%,霰弹枪暴击伤害 +75%,Критический урон от дробовиков повышается на +75%,Kritischer Shotgun-Schaden wird um +75% erhöht.
247,138,Shotgun ADS +75%,霰弹枪开镜瞄准速度 +75%,Навык прицеливания из дробовика повышается на +75%,Shotgun-ZV-Kenntnisse werden um +75% erhöht.
247,139,Shotgun Acc +75%,霰弹枪精准度 +75%,Точность дробовиков повышается на +75%,Shotgun-Zielgenauigkeit wird um +75% erhöht.
247,140,Pistol Status Effect DMG +38%,手枪状态效果伤害 +38%,Временной стихийный урон от пистолетов повышается на +38%,Pistolen-Statuseffekt-Schaden wird um +38% erhöht.
247,141,Pistol Status Effect Chance +38%,手枪状态效果率 +38%,Шанс временного стихийного урона от пистолетов повышается на +38%,Pistolen-Statuseffekt-Chance wird um +38% erhöht.
247,142,Pistol Splash Radius +75%,手枪溅射半径 +75%,Радиус урона по площади от пистолетов повышается на +75%,Indirekter Pistolen-Schadensradius wird um +75% erhöht.
247,143,Pistol Splash DMG +38%,手枪溅射伤害 +38%,Урон по площади от пистолетов повышается на +38%,Indirekter Pistolen-Schaden wird um +38% erhöht.
247,144,Pistol Reload +38%,手枪装填速度 +38%,Скорость перезарядки пистолетов повышается на +38%,Pistolen-Nachladegeschwindigkeit wird um +38% erhöht.
247,145,Pistol Mag +75%,手枪弹匣容量 +75%,Размер магазина пистолетов увеличен на +75%,Pistolen-Magazingröße wird um +75% erhöht.
247,146,Pistol Fire Rate +38%,手枪射速 +38%,Скорострельность пистолетов повышается на +38%,Pistolen-Feuerrate wird um +38% erhöht.
247,147,Pistol Equip +150%,手枪装备速度 +150%,Скорость смены оружия на пистолет повышается на +150%,Pistolen-Ausrüstgeschwindigkeit wird um +150% erhöht.
247,148,Pistol DMG +38%,手枪伤害 +38%,Урон от пистолетов повышается на +38%,Pistolenschaden wird um +38% erhöht.
247,149,Pistol Crit DMG +75%,手枪暴击伤害 +75%,Критический урон от пистолетов повышается на +75%,Kritischer Pistolenschaden wird um +75% erhöht.
247,150,Pistol ADS +75%,手枪开镜瞄准速度 +75%,Навык прицеливания из пистолета повышается на +75%,Pistolen-ZV-Kenntnisse werden um +75% erhöht.
247,151,Pistol Acc +75%,手枪精准度 +75%,Точность пистолетов повышается на +75%,Pistolen-Zielgenauigkeit wird um +75% erhöht.
247,152,AR Status Effect DMG +38%,突击步枪状态效果伤害 +38%,Временной стихийный урон от автоматов повышается на +38%,Assault-Rifle-Statuseffekt-Schaden wird um +38% erhöht.
247,153,AR Status Effect Chance +38%,突击步枪状态效果率 +38%,Шанс временного стихийного урона от автоматов повышается на +38%,Assault-Rifle-Statuseffekt-Chance wird um +38% erhöht.
247,154,AR Splash Radius +75%,突击步枪溅射半径 +75%,Радиус урона по площади от автоматов повышается на +75%,Indirekter Assault-Rifle-Schadensradius wird um +75% erhöht.
247,155,AR Splash DMG +38%,突击步枪溅射伤害 +38%,Урон по площади от автоматов повышается на +38%,Indirekter Assault-Rifle-Schaden wird um +38% erhöht.
247,156,AR Reload +38%,突击步枪装填速度 +38%,Скорость перезарядки автоматов повышается на +38%,Assault-Rifle-Nachladegeschwindigkeit wird um +38% erhöht.
247,157,AR Mag +75%,突击步枪弹匣容量 +75%,Размер магазина автоматов повышается на +75%,Assault-Rifle-Magazingröße wird um +75% erhöht.
247,158,AR Fire Rate +38%,突击步枪射速 +38%,Скорострельность автоматов повышается на +38%,Assault-Rifle-Feuerrate wird um +38% erhöht.
247,159,AR Equip +150%,突击步枪装备速度 +150%,Скорость смены оружия на автомат повышается на +150%,Assault-Rifle-Ausrüstgeschwindigkeit wird um +150% erhöht.
247,160,AR DMG +38%,突击步枪伤害 +38%,Урон от автоматов повышается на +38%,Assault-Rifle-Schaden wird um +38% erhöht.
247,161,AR Crit DMG +75%,突击步枪暴击伤害 +75%,Критический урон от автоматов повышается на +75%,Kritischer Assault-Rifle-Schaden wird um +75% erhöht.
247,162,AR ADS +75%,突击步枪开镜瞄准速度 +75%,Навык прицеливания из автомата повышается на +75%,Assault-Rifle-ZV-Kenntnisse werden um +75% erhöht.
247,163,AR Acc +75%,突击步枪精准度 +75%,Точность автоматов повышается на +75%,Assault-Rifle-Zielgenauigkeit wird um +75% erhöht.
247,164,Gun Splash Radius +50%,枪械溅射半径 +50%,Радиус урона по площади от пушек повышается на +50%,Indirekter Schusswaffen-Schadensradius wird um +50% erhöht.
247,165,Gun Splash DMG +25%,枪械溅射伤害 +25%,Урон от стрельбы по площади повышается на +25%,Indirekter Schusswaffen-Schaden wird um +25% erhöht.
247,166,Gun Reload Speed +25%,枪械装填速度 +25%,Скорость перезарядки пушек повышается на +25%,Schusswaffen-Nachladegeschwindigkeit wird um +25% erhöht.
247,167,Gun Mag +50%,枪械弹匣容量 +50%,Емкость магазина пушки повышается на +50%,Schusswaffen-Magazingröße wird um +50% erhöht.
247,168,Gun Fire Rate +25%,枪械射速 +25%,Скорострельность повышается на +25%,Schusswaffen-Feuerrate wird um +25% erhöht.
247,169,Gun Equip +100%,枪械装备速度 +100%,Скорость смены оружия на повышается на +100%,Schusswaffen-Ausrüstgeschwindigkeit wird um +100% erhöht.
247,170,Gun DMG +25%,枪械伤害 +25%,Урон от стрельбы повышается на +25%,Schusswaffen-Schaden wird um +25% erhöht.
247,171,Gun Crit DMG +50%,枪械暴击伤害 +50%,Критический урон от стрельбы повышается на +50%,Kritischer Schusswaffen-Schaden wird um +50% erhöht.
247,172,Gun ADS +50%,枪械开镜瞄准速度 +50%,Навык прицеливания повышается на +50%,Schusswaffen-ZV-Kenntnisse werden um +50% erhöht.
247,173,Gun Acc +50%,枪械精准度 +50%,Точность оружия повышается на +50%,Schusswaffen-Zielgenauigkeit wird um +50% erhöht.
247,174,Gun Status Effect DMG +25%,枪械状态效果伤害 +25%,Временной стихийный урон от стрельбы повышается на +25%,Schusswaffen-Statuseffekt-Schaden wird um +25% erhöht.
247,175,Gun Status Effect Chance +25%,枪械状态效果率 +25%,Шанс временного стихийного эффекта от стрельбы повышается на +25%,Schusswaffen-Statuseffekt-Chance wird um +25% erhöht.
247,176,Gun Status Effect Chance +25%,枪械状态效果率 +25%,Шанс временного стихийного эффекта от стрельбы повышается на +25%,Schusswaffen-Statuseffekt-Chance wird um +25% erhöht.
247,177,Gun Status Effect DMG +25%,枪械状态效果伤害 +25%,Временной стихийный урон от стрельбы повышается на +25%,Schusswaffen-Statuseffekt-Schaden wird um +25% erhöht.
247,178,Gun Acc +50%,枪械精准度 +50%,Точность оружия повышается на +50%,Schusswaffen-Zielgenauigkeit wird um +50% erhöht.
247,179,Gun ADS +50%,枪械开镜瞄准速度 +50%,Навык прицеливания повышается на +50%,Schusswaffen-ZV-Kenntnisse werden um +50% erhöht.
247,180,Gun Crit DMG +25%,枪械暴击伤害 +25%,Критический урон от стрельбы повышается на +25%,Kritischer Schusswaffen-Schaden wird um +25% erhöht.
247,181,Gun DMG +25%,枪械伤害 +25%,Урон от стрельбы повышается на +25%,Schusswaffen-Schaden wird um +25% erhöht.
247,182,Gun Equip +100%,枪械装备速度 +100%,Скорость смены оружия на повышается на +100%,Schusswaffen-Ausrüstgeschwindigkeit wird um +100% erhöht.
247,183,Gun Fire Rate +25%,枪械射速 +25%,Скорострельность повышается на +25%,Schusswaffen-Feuerrate wird um +25% erhöht.
247,184,Gun Mag +50%,枪械弹匣容量 +50%,Емкость магазина пушки повышается на +50%,Schusswaffen-Magazingröße wird um +50% erhöht.
247,185,Gun Reload +25%,枪械装填速度 +25%,Скорость перезарядки пушек повышается на +25%,Schusswaffen-Nachladegeschwindigkeit wird um +25% erhöht.
247,186,Gun Splash DMG +25%,枪械溅射伤害 +25%,Урон от стрельбы по площади повышается на +25%,Indirekter Schusswaffen-Schaden wird um +25% erhöht.
247,187,Gun Splash Radius +50%,枪械溅射半径 +50%,Радиус урона по площади от пушек повышается на +50%,Indirekter Schusswaffen-Schadensradius wird um +50% erhöht.
247,188,AR Acc +75%,突击步枪精准度 +75%,Точность автоматов повышается на +75%,Assault-Rifle-Zielgenauigkeit wird um +75% erhöht.
247,189,AR ADS +75%,突击步枪开镜瞄准速度 +75%,Навык прицеливания из автомата повышается на +75%,Assault-Rifle-ZV-Kenntnisse werden um +75% erhöht.
247,190,AR Crit DMG +75%,突击步枪暴击伤害 +75%,Критический урон от автоматов повышается на +75%,Kritischer Assault-Rifle-Schaden wird um +75% erhöht.
247,191,AR DMG +38%,突击步枪伤害 +38%,Урон от автоматов повышается на +38%,Assault-Rifle-Schaden wird um +38% erhöht.
247,192,AR Equip +150%,突击步枪装备速度 +150%,Скорость смены оружия на автомат повышается на +150%,Assault-Rifle-Ausrüstgeschwindigkeit wird um +150% erhöht.
247,193,AR Fire Rate +38%,突击步枪射速 +38%,Скорострельность автоматов повышается на +38%,Assault-Rifle-Feuerrate wird um +38% erhöht.
247,194,AR Mag +75%,突击步枪弹匣容量 +75%,Размер магазина автоматов повышается на +75%,Assault-Rifle-Magazingröße wird um +75% erhöht.
247,195,AR Reload +38%,突击步枪装填速度 +38%,Скорость перезарядки автоматов повышается на +38%,Assault-Rifle-Nachladegeschwindigkeit wird um +38% erhöht.
247,196,AR Splash DMG +38%,突击步枪溅射伤害 +38%,Урон по площади от автоматов повышается на +38%,Indirekter Assault-Rifle-Schaden wird um +38% erhöht.
247,197,AR Splash Radius +75%,突击步枪溅射半径 +75%,Радиус урона по площади от автоматов повышается на +75%,Indirekter Assault-Rifle-Schadensradius wird um +75% erhöht.
247,198,AR Status Effect Chance +38%,突击步枪状态效果率 +38%,Шанс временного стихийного урона от автоматов повышается на +38%,Assault-Rifle-Statuseffekt-Chance wird um +38% erhöht.
247,199,AR Status Effect DMG +38%,突击步枪状态效果伤害 +38%,Временной стихийный урон от автоматов повышается на +38%,Assault-Rifle-Statuseffekt-Schaden wird um +38% erhöht.
247,200,Pistol Acc +75%,手枪精准度 +75%,Точность пистолетов повышается на +75%,Pistolen-Zielgenauigkeit wird um +75% erhöht.
247,201,Pistol ADS +75%,手枪开镜瞄准速度 +75%,Навык прицеливания из пистолета повышается на +75%,Pistolen-ZV-Kenntnisse werden um +75% erhöht.
247,202,Pistol Crit DMG +75%,手枪暴击伤害 +75%,Критический урон от пистолетов повышается на +75%,Kritischer Pistolenschaden wird um +75% erhöht.
247,203,Pistol DMG +38%,手枪伤害 +38%,Урон от пистолетов повышается на +38%,Pistolenschaden wird um +38% erhöht.
247,204,Pistol Equip +150%,手枪装备速度 +150%,Скорость смены оружия на пистолет повышается на +150%,Pistolen-Ausrüstgeschwindigkeit wird um +150% erhöht.
247,205,Pistol Fire Rate +38%,手枪射速 +38%,Скорострельность пистолетов повышается на +38%,Pistolen-Feuerrate wird um +38% erhöht.
247,206,Pistol Mag +75%,手枪弹匣容量 +75%,Размер магазина пистолетов увеличен на +75%,Pistolen-Magazingröße wird um +75% erhöht.
247,207,Pistol Reload +38%,手枪装填速度 +38%,Скорость перезарядки пистолетов повышается на +38%,Pistolen-Nachladegeschwindigkeit wird um +38% erhöht.
247,208,Pistol Splash DMG +38%,手枪溅射伤害 +38%,Урон по площади от пистолетов повышается на +38%,Indirekter Pistolen-Schaden wird um +38% erhöht.
247,209,Pistol Splash Radius +75%,手枪溅射半径 +75%,Радиус урона по площади от пистолетов повышается на +75%,Indirekter Pistolen-Schadensradius wird um +75% erhöht.
247,210,Pistol Status Effect Chance +38%,手枪状态效果率 +38%,Шанс временного стихийного урона от пистолетов повышается на +38%,Pistolen-Statuseffekt-Chance wird um +38% erhöht.
247,211,Pistol Status Effect DMG +38%,手枪状态效果伤害 +38%,Временной стихийный урон от пистолетов повышается на +38%,Pistolen-Statuseffekt-Schaden wird um +38% erhöht.
247,212,Shotgun Acc +75%,霰弹枪精准度 +75%,Точность дробовиков повышается на +75%,Shotgun-Zielgenauigkeit wird um +75% erhöht.
247,213,Shotgun ADS +75%,霰弹枪开镜瞄准速度 +75%,Навык прицеливания из дробовика повышается на +75%,Shotgun-ZV-Kenntnisse werden um +75% erhöht.
247,214,Shotgun Crit DMG +75%,霰弹枪暴击伤害 +75%,Критический урон от дробовиков повышается на +75%,Kritischer Shotgun-Schaden wird um +75% erhöht.
247,215,Shotgun DMG +38%,霰弹枪伤害 +38%,Урон от дробовиков повышается на +38%,Shotgun-Schaden wird um +38% erhöht.
247,216,Shotgun Equip +150%,霰弹枪装备速度 +150%,Скорость смены оружия на дробовик повышается на +150%,Shotgun-Ausrüstgeschwindigkeit wird um +150% erhöht.
247,217,Shotgun Fire Rate +38%,霰弹枪射速 +38%,Скорострельность дробовиков повышается на +38%,Shotgun-Feuerrate wird um +38% erhöht.
247,218,Shotgun Mag +75%,霰弹枪弹匣容量 +75%,Емкость магазина дробовиков повышается на +75%,Shotgun-Magazingröße wird um +75% erhöht.
247,219,Shotgun Reload +38%,霰弹枪装填速度 +38%,Скорость перезарядки дробовиков повышается на +38%,Shotgun-Nachladegeschwindigkeit wird um +38% erhöht.
247,220,Shotgun Splash DMG +38%,霰弹枪溅射伤害 +38%,Урон по площади от дробовиков повышается на +38%,Indirekter Shotgun-Schaden wird um +38% erhöht.
247,221,Shotgun Splash Radius +75%,霰弹枪溅射半径 +75%,Радиус урона по площади от дробовиков повышается на +75%,Indirekter Shotgun-Schadensradius wird um +75% erhöht.
247,222,Shotgun Status Effect Chance +38%,霰弹枪状态效果率 +38%,Шанс временного стихийного урона от дробовиков повышается на +38%,Shotgun-Statuseffekt-Chance wird um +38% erhöht.
247,223,Shotgun Status Effect DMG +38%,霰弹枪状态效果伤害 +38%,Временной стихийный урон от дробовиков повышается на +38%,Shotgun-Statuseffekt-Schaden wird um +38% erhöht.
247,224,SMG Acc +75%,冲锋枪精准度 +75%,Точность пистолетов-пулеметов повышается на +75%,SMG-Zielgenauigkeit wird um +75% erhöht.
247,225,SMG ADS +75%,冲锋枪开镜瞄准速度 +75%,Навык прицеливания из пистолета-пулемета повышается на +75%,SMG-ZV-Kenntnisse werden um +75% erhöht.
247,226,SMG Crit DMG +75%,冲锋枪暴击伤害 +75%,Критический урон от ПП повышается на +75%,Kritischer SMG-Schaden wird um +75% erhöht.
247,227,SMG DMG +38%,冲锋枪伤害 +38%,Урон от пистолетов-пулеметов повышается на +38%,SMG-Schaden wird um +38% erhöht.
247,228,SMG Equip +150%,冲锋枪装备速度 +150%,Скорость смены оружия на пистолет-пулемет повышается на +150%,SMG-Ausrüstgeschwindigkeit wird um +150% erhöht.
247,229,SMG Fire Rate +38%,冲锋枪射速 +38%,Скорострельность пистолетов-пулеметов повышается на +38%,SMG-Feuerrate wird um +38% erhöht.
247,230,SMG Mag +75%,冲锋枪弹匣容量 +75%,Емкость магазина пистолетов-пулеметов повышается на +75%,SMG-Magazingröße wird um +75% erhöht.
247,231,SMG Reload +38%,冲锋枪装填速度 +38%,Скорость перезарядки пистолетов-пулеметов повышается на +38%,SMG-Nachladegeschwindigkeit wird um +38% erhöht.
247,232,SMG Splash DMG +38%,冲锋枪溅射伤害 +38%,Урон по площади от пистолетов-пулеметов повышается на +38%,Indirekter SMG-Schaden wird um +38% erhöht.
247,233,SMG Splash Radius +75%,冲锋枪溅射半径 +75%,Радиус урона по площади от пистолетов-пулеметов повышается на +75%,Indirekter SMG-Schadensradius wird um +75% erhöht.
247,234,SMG Status Effect Chance +38%,冲锋枪状态效果率 +38%,Шанс временного стихийного урона от пистолетов-пулеметов повышается на +38%,SMG-Statuseffekt-Chance wird um +38% erhöht.
247,235,SMG Status Effect DMG +38%,冲锋枪状态效果伤害 +38%,Временной стихийный урон от пистолетов-пулеметов повышается на +38%,SMG-Statuseffekt-Schaden wird um +38% erhöht.
247,236,Sniper Acc +75%,狙击枪精准度 +75%,Точность снайперских винтовок повышается на +75%,Sniper-Rifle-Zielgenauigkeit wird um +75% erhöht.
247,237,Sniper ADS +75%,狙击枪开镜瞄准速度 +75%,Навык прицеливания из снайперской винтовки повышается на +75%,Sniper-Rifle-ZV-Kenntnisse werden um +75% erhöht.
247,238,Sniper Crit DMG +75%,狙击枪暴击伤害 +75%,Критический урон от снайперских винтовок повышается на +75%,Kritischer Sniper-Rifle-Schaden wird um +75% erhöht.
247,239,Sniper DMG +38%,狙击枪伤害 +38%,Урон от снайперских винтовок повышается на +38%,Sniper-Rifle-Schaden wird um +38% erhöht.
247,240,Sniper Equip +150%,狙击枪装备速度 +150%,Скорость смены оружия на снайперскую винтовку повышается на +150%,Sniper-Rifle-Ausrüstgeschwindigkeit wird um +150% erhöht.
247,241,Sniper Fire Rate +38%,狙击枪射速 +38%,Скорострельность снайперских винтовок повышается на +38%,Sniper-Rifle-Feuerrate wird um +38% erhöht.
247,242,Sniper Mag +75%,狙击枪弹匣容量 +75%,Размер магазина снайперских винтовок повышается на +75%,Sniper-Rifle-Magazingröße wird um +75% erhöht.
247,243,Sniper Reload +38%,狙击枪装填速度 +38%,Скорость перезарядки снайперских винтовок повышается на +38%,Sniper-Rifle-Nachladegeschwindigkeit wird um +38% erhöht.
247,244,Sniper Splash DMG +38%,狙击枪溅射伤害 +38%,Урон по площади от снайперских винтовок повышается на +38%,Indirekter Sniper-Rifle-Schaden wird um +38% erhöht.
247,245,Sniper Splash Radius +75%,狙击枪溅射半径 +75%,Радиус урона по площади от снайперских винтовок повышается на +75%,Indirekter Sniper-Rifle-Schadensradius wird um +75% erhöht.
247,246,Sniper Status Effect Chance +38%,狙击枪状态效果率 +38%,Шанс временного стихийного урона от снайперской винтовки повышается на +38%,Sniper-Rifle-Statuseffekt-Chance wird um +38% erhöht.
247,247,Sniper Status Effect DMG +38%,狙击枪状态效果伤害 +38%,Временной стихийный урон от снайперской винтовки повышается на +38%,Sniper-Rifle-Statuseffekt-Schaden wird um +38% erhöht.
247,248,,,,
247,249,,,,
247,250,,,,
